Workbook

Sheet IA Marks
BA1: Formative % : | BG1: 40 | BH1: Attainment Level 1: | BI1: % of maximum marks | BJ1: LEVEL 1: | BK1: 40
B2: % of students scoring greater than or equal to | BA2: Summative % : | BG2: 60 | BH2: Attainment Level 2: | BJ2: LEVEL 2: | BK2: 50
A3: IF(D8<IA!BA1,0,IF(D8>=IA!BA3,3,IF(D8>=IA!BA2,2,1))) | D3: Department of Computer Science and Engineering - Cyber Security Program | BA3: Direct : | BG3: 80 | BH3: Attainment Level 3: | BJ3: LEVEL 3: | BK3: 60
B4: Kiran 200 | D4: Academic Year : | N4: 2024-25 | Z4: Semester: | AC4: 7 | AG4: DIV: | AJ4: Course Code: | AP4: S23CY304PC | AS4: Student Count | AY4: 109 | BA4: Indirect : | BG4: 20
D5: Name of Course Teacher: | J5: Dr. Kiran B. Malagi | U5: Set Target: | Z5: 50 | AA5: Course Name: | AI5: Computer Organization and Architecture | BA5: Assignment | BN5: =BH1&BK1&""&BL1&""&AK5&BI1 -> Attainment Level 1: 40% of maximum marks
A6: USN | B6: Name | D6: IA-1 | U6: IA-2 | AK6: IA-1 | AL6: IA-1 | AM6: IA-1 | AN6: IA-2 | AO6: IA-2 | AP6: IA-2 | BA6: CIA1 | BB6: CIA2 | BC6: CIA3 | BD6: CIA4 | BE6: CIA5 | BF6: CIA6 | BG6: CIA7 | BN6: =BH2&BK2&""&BL1&""&AK5&BI1 -> Attainment Level 2: 50% of maximum marks
C7: CO Mapped | D7: 2 | E7: 2 | F7: 3 | G7: 3 | H7: 2 | I7: 2 | J7: 1 | K7: 1 | L7: 2 | M7: 2 | N7: 3 | O7: 3 | P7: 5 | Q7: 5 | U7: 3 | W7: 2 | X7: 2 | Y7: 3 | AA7: 4 | AC7: 3 | AE7: 3 | AG7: 5 | BA7: 1 | BB7: 2 | BC7: 3 | BD7: 4 | BE7: 5 | BN7: =BH3&BK3&""&BL1&""&AK5&BI1 -> Attainment Level 3: 60% of maximum marks
C8: Q. No. | D8: 1a | E8: 1b | F8: 2a | G8: 2b | H8: 3a | I8: 3b | J8: 4a | K8: 4b | L8: 5a | M8: 5b | N8: 6a | O8: 6b | U8: 1a | V8: 1b | W8: 2a | X8: 2b | Y8: 3a | Z8: 3b | AA8: 4a | AB8: 4b | AC8: 5a | AD8: 5b | AE8: 6a | AF8: 6b | AK8: OBJ (10) | AL8: ASSIGN/SPA (05) | AM8: TOTAL MARKS (35) | AN8: OBJ (10) | AO8: ASSIGN/SPA (05) | AP8: TOTAL MARKS (35) | BA8: 1 | BB8: 2 | BC8: 3 | BD8: 4 | BE8: 5 | BF8: 6 | BG8: 7 | BI8: CO1 | BL8: CO2 | BO8: CO3 | BR8: CO4 | BU8: CO5 | BX8: CO6
C9: Max. Marks | D9: 5 | F9: 5 | H9: 5 | J9: 2.5 | K9: 2.5 | L9: 3 | M9: 2 | N9: 5 | O9: 0 | P9: 5 | Q9: 5 | U9: 5 | W9: 3 | X9: 2 | Y9: 5 | AA9: 5 | AC9: 5 | AE9: 5 | AG9: 5 | AK9: 10 | AL9: 5 | AM9: 35 | AN9: 10 | AO9: 5 | AP9: 35 | BA9: 10 | BB9: 10 | BC9: 10 | BD9: 10 | BE9: 10 | BI9: Level | BK9: =IFERROR(IF(BK10<BK1,0,IF(BK10>=BK3,3,IF(BK10>=BK2,2,1))),0) -> 3 | BL9: Level | BN9: =IFERROR(IF(BN10<BK1,0,IF(BN10>=BK3,3,IF(BN10>=BK2,2,1))),0) -> 3 | BO9: Level | BQ9: =IFERROR(IF(BQ10<BK1,0,IF(BQ10>=BK3,3,IF(BQ10>=BK2,2,1))),0) -> 3 | BR9: Level | BT9: =IFERROR(IF(BT10<BK1,0,IF(BT10>=BK3,3,IF(BT10>=BK2,2,1))),0) -> 3 | BU9: Level | BW9: =IFERROR(IF(BW10<BK1,0,IF(BW10>=BK3,3,IF(BW10>=BK2,2,1))),0) -> 3 | BX9: Level | BZ9: =IFERROR(IF(BZ10<BK1,0,IF(BZ10>=BK3,3,IF(BZ10>=BK2,2,1))),0) -> 0
D10: Formative Assessment Tool | BI10: Percentage | BK10: =IFERROR(BK11/BI11*100,0) -> 85.123967 | BL10: Percentage | BN10: =IFERROR(BN11/BL11*100,0) -> 89.256198 | BO10: Percentage | BQ10: =IFERROR(BQ11/BO11*100,0) -> 86.77686 | BR10: Percentage | BT10: =IFERROR(BT11/BR11*100,0) -> 80.991736 | BU10: Percentage | BW10: =IFERROR(BW11/BU11*100,0) -> 78.512397 | BX10: Percentage | BZ10: =IFERROR(BZ11/BX11*100,0) -> 0
BI11: =COUNTIF(BJ13:BJ200,">"&0) -> 121 | BK11: =COUNTIF(BK13:BK200,">="&Z5) -> 103 | BL11: =COUNTIF(BM13:BM200,">"&0) -> 121 | BN11: =COUNTIF(BN13:BN200,">="&Z5) -> 108 | BO11: =COUNTIF(BP13:BP200,">"&0) -> 121 | BQ11: =COUNTIF(BQ13:BQ200,">="&Z5) -> 105 | BR11: =COUNTIF(BS13:BS200,">"&0) -> 121 | BT11: =COUNTIF(BT13:BT200,">="&Z5) -> 98 | BU11: =COUNTIF(BV13:BV200,">"&0) -> 121 | BW11: =COUNTIF(BW13:BW200,">="&Z5) -> 95 | BX11: =COUNTIF(BY13:BY200,">"&0) -> 0 | BZ11: =COUNTIF(BZ13:BZ200,">="&Z5) -> 0
BI12: SUM | BJ12: COUNT | BK12: % | BL12: SUM | BM12: COUNT | BN12: % | BO12: SUM | BP12: COUNT | BQ12: % | BR12: SUM | BS12: COUNT | BT12: % | BU12: SUM | BV12: COUNT | BW12: % | BX12: SUM | BY12: COUNT | BZ12: %
A13: 23N81A6201 | D13: 5 | H13: 4 | J13: 3 | M13: 3 | Q13: 3 | U13: 5 | W13: 3 | X13: 2 | Y13: 5 | AA13: 5 | AC13: 4 | AM13: =SUMIF($D$6:$AJ$6,"IA-1",D13:AJ13)+AK13+AL13 | AP13: =SUMIF($D$6:$AJ$6,"IA-2",D13:AJ13)+AN13+AO13 | BA13: 10 | BB13: 10 | BC13: 10 | BD13: 10 | BE13: 10 | BI13: =SUMIF($D$7:$BG$7,"1",$D13:$BG13) -> 13 | BJ13: =SUMIFS($D$9:$BG$9,$D$7:$BG$7,"1",$D13:$BG13,">"&-1) -> 12.5 | BK13: =ROUNDUP(IF(BJ13,BI13/BJ13%,0),2) -> 104 | BL13: =SUMIF($D$7:$BG$7,"2",$D13:$BG13) -> 27 | BM13: =SUMIFS($D$9:$BG$9,$D$7:$BG$7,"2",$D13:$BG13,">"&-1) -> 27 | BN13: =ROUNDUP(IF(BM13,BL13/BM13%,0),2) -> 100 | BO13: =SUMIF($D$7:$BG$7,"3",$D13:$BG13) -> 24 | BP13: =SUMIFS($D$9:$BG$9,$D$7:$BG$7,"3",$D13:$BG13,">"&-1) -> 25 | BQ13: =ROUNDUP(IF(BP13,BO13/BP13%,0),2) -> 96 | BR13: =SUMIF($D$7:$BG$7,"4",$D13:$BG13) -> 15 | BS13: =SUMIFS($D$9:$BG$9,$D$7:$BG$7,"4",$D13:$BG13,">"&-1) -> 15 | BT13: =ROUNDUP(IF(BS13,BR13/BS13%,0),2) -> 100 | BU13: =SUMIF($D$7:$BG$7,"5",$D13:$BG13) -> 13 | BV13: =SUMIFS($D$9:$BG$9,$D$7:$BG$7,"5",$D13:$BG13,">"&-1) -> 15 | BW13: =ROUNDUP(IF(BV13,BU13/BV13%,0),2) -> 86.67 | BX13: =SUMIF($D$7:$BG$7,"6",$D13:$BG13) -> 0 | BY13: =SUMIFS($D$9:$BG$9,$D$7:$BG$7,"6",$D13:$BG13,">"&-1) -> 0 | BZ13: =ROUNDUP(IF(BY13,BX13/BY13%,0),2) -> 0
A14: 23N81A6202 | D14: 5 | J14: 2 | K14: 0 | L14: 1 | M14: 0 | P14: 1 | Q14: 0 | U14: 5 | W14: 3 | X14: 2 | Y14: 4 | AA14: 5 | BA14: 10 | BB14: 10 | BC14: 10 | BD14: 10 | BE14: 10 | BI14: =SUMIF($D$7:$BG$7,"1",$D14:$BG14) -> 12 | BJ14: =SUMIFS($D$9:$BG$9,$D$7:$BG$7,"1",$D14:$BG14,">"&-1) -> 15 | BK14: =ROUNDUP(IF(BJ14,BI14/BJ14%,0),2) -> 80 | BL14: =SUMIF($D$7:$BG$7,"2",$D14:$BG14) -> 21 | BM14: =SUMIFS($D$9:$BG$9,$D$7:$BG$7,"2",$D14:$BG14,">"&-1) -> 25 | BN14: =ROUNDUP(IF(BM14,BL14/BM14%,0),2) -> 84 | BO14: =SUMIF($D$7:$BG$7,"3",$D14:$BG14) -> 19 | BP14: =SUMIFS($D$9:$BG$9,$D$7:$BG$7,"3",$D14:$BG14,">"&-1) -> 20 | BQ14: =ROUNDUP(IF(BP14,BO14/BP14%,0),2) -> 95 | BR14: =SUMIF($D$7:$BG$7,"4",$D14:$BG14) -> 15 | BS14: =SUMIFS($D$9:$BG$9,$D$7:$BG$7,"4",$D14:$BG14,">"&-1) -> 15 | BT14: =ROUNDUP(IF(BS14,BR14/BS14%,0),2) -> 100 | BU14: =SUMIF($D$7:$BG$7,"5",$D14:$BG14) -> 11 | BV14: =SUMIFS($D$9:$BG$9,$D$7:$BG$7,"5",$D14:$BG14,">"&-1) -> 20 | BW14: =ROUNDUP(IF(BV14,BU14/BV14%,0),2) -> 55 | BX14: =SUMIF($D$7:$BG$7,"6",$D14:$BG14) -> 0 | BY14: =SUMIFS($D$9:$BG$9,$D$7:$BG$7,"6",$D14:$BG14,">"&-1) -> 0 | BZ14: =ROUNDUP(IF(BY14,BX14/BY14%,0),2) -> 0
A15: 23N81A6203 | D15: 5 | F15: 5 | L15: 2 | M15: 3 | P15: 2 | Q15: 3 | U15: 5 | W15: 3 | X15: 2 | Y15: 5 | AA15: 5 | AC15: 4 | AE15: 5 | BA15: 10 | BB15: 10 | BC15: 10 | BD15: 10 | BE15: 10 | BI15: =SUMIF($D$7:$BG$7,"1",$D15:$BG15) -> 10 | BJ15: =SUMIFS($D$9:$BG$9,$D$7:$BG$7,"1",$D15:$BG15,">"&-1) -> 10 | BK15: =ROUNDUP(IF(BJ15,BI15/BJ15%,0),2) -> 100 | BL15: =SUMIF($D$7:$BG$7,"2",$D15:$BG15) -> 25 | BM15: =SUMIFS($D$9:$BG$9,$D$7:$BG$7,"2",$D15:$BG15,">"&-1) -> 25 | BN15: =ROUNDUP(IF(BM15,BL15/BM15%,0),2) -> 100 | BO15: =SUMIF($D$7:$BG$7,"3",$D15:$BG15) -> 34 | BP15: =SUMIFS($D$9:$BG$9,$D$7:$BG$7,"3",$D15:$BG15,">"&-1) -> 35 | BQ15: =ROUNDUP(IF(BP15,BO15/BP15%,0),2) -> 97.15 | BR15: =SUMIF($D$7:$BG$7,"4",$D15:$BG15) -> 15 | BS15: =SUMIFS($D$9:$BG$9,$D$7:$BG$7,"4",$D15:$BG15,">"&-1) -> 15 | BT15: =ROUNDUP(IF(BS15,BR15/BS15%,0),2) -> 100 | BU15: =SUMIF($D$7:$BG$7,"5",$D15:$BG15) -> 15 | BV15: =SUMIFS($D$9:$BG$9,$D$7:$BG$7,"5",$D15:$BG15,">"&-1) -> 20 | BW15: =ROUNDUP(IF(BV15,BU15/BV15%,0),2) -> 75 | BX15: =SUMIF($D$7:$BG$7,"6",$D15:$BG15) -> 0 | BY15: =SUMIFS($D$9:$BG$9,$D$7:$BG$7,"6",$D15:$BG15,">"&-1) -> 0 | BZ15: =ROUNDUP(IF(BY15,BX15/BY15%,0),2) -> 0
A16: 23N81A6204 | D16: 5 | F16: 5 | J16: 2.5 | K16: 2.5 | L16: 2 | M16: 3 | P16: 2 | Q16: 3 | U16: 5 | W16: 3 | X16: 2 | Y16: 5 | AA16: 5 | AC16: 5 | AE16: 5 | BA16: 10 | BB16: 10 | BC16: 10 | BD16: 10 | BE16: 10 | BI16: =SUMIF($D$7:$BG$7,"1",$D16:$BG16) -> 15 | BJ16: =SUMIFS($D$9:$BG$9,$D$7:$BG$7,"1",$D16:$BG16,">"&-1) -> 15 | BK16: =ROUNDUP(IF(BJ16,BI16/BJ16%,0),2) -> 100 | BL16: =SUMIF($D$7:$BG$7,"2",$D16:$BG16) -> 25 | BM16: =SUMIFS($D$9:$BG$9,$D$7:$BG$7,"2",$D16:$BG16,">"&-1) -> 25 | BN16: =ROUNDUP(IF(BM16,BL16/BM16%,0),2) -> 100 | BO16: =SUMIF($D$7:$BG$7,"3",$D16:$BG16) -> 35 | BP16: =SUMIFS($D$9:$BG$9,$D$7:$BG$7,"3",$D16:$BG16,">"&-1) -> 35 | BQ16: =ROUNDUP(IF(BP16,BO16/BP16%,0),2) -> 100 | BR16: =SUMIF($D$7:$BG$7,"4",$D16:$BG16) -> 15 | BS16: =SUMIFS($D$9:$BG$9,$D$7:$BG$7,"4",$D16:$BG16,">"&-1) -> 15 | BT16: =ROUNDUP(IF(BS16,BR16/BS16%,0),2) -> 100 | BU16: =SUMIF($D$7:$BG$7,"5",$D16:$BG16) -> 15 | BV16: =SUMIFS($D$9:$BG$9,$D$7:$BG$7,"5",$D16:$BG16,">"&-1) -> 20 | BW16: =ROUNDUP(IF(BV16,BU16/BV16%,0),2) -> 75 | BX16: =SUMIF($D$7:$BG$7,"6",$D16:$BG16) -> 0 | BY16: =SUMIFS($D$9:$BG$9,$D$7:$BG$7,"6",$D16:$BG16,">"&-1) -> 0 | BZ16: =ROUNDUP(IF(BY16,BX16/BY16%,0),2) -> 0
A17: 23N81A6205 | D17: 5 | F17: 4 | J17: 0 | K17: 1 | L17: 0 | M17: 1 | P17: 0 | Q17: 1 | U17: 5 | W17: 3 | X17: 2 | Y17: 3 | AA17: 5 | AC17: 5 | AE17: 4 | BA17: 9 | BB17: 9 | BC17: 9 | BD17: 9 | BE17: 9 | BI17: =SUMIF($D$7:$BG$7,"1",$D17:$BG17) -> 10 | BJ17: =SUMIFS($D$9:$BG$9,$D$7:$BG$7,"1",$D17:$BG17,">"&-1) -> 15 | BK17: =ROUNDUP(IF(BJ17,BI17/BJ17%,0),2) -> 66.67 | BL17: =SUMIF($D$7:$BG$7,"2",$D17:$BG17) -> 20 | BM17: =SUMIFS($D$9:$BG$9,$D$7:$BG$7,"2",$D17:$BG17,">"&-1) -> 25 | BN17: =ROUNDUP(IF(BM17,BL17/BM17%,0),2) -> 80 | BO17: =SUMIF($D$7:$BG$7,"3",$D17:$BG17) -> 30 | BP17: =SUMIFS($D$9:$BG$9,$D$7:$BG$7,"3",$D17:$BG17,">"&-1) -> 35 | BQ17: =ROUNDUP(IF(BP17,BO17/BP17%,0),2) -> 85.72 | BR17: =SUMIF($D$7:$BG$7,"4",$D17:$BG17) -> 14 | BS17: =SUMIFS($D$9:$BG$9,$D$7:$BG$7,"4",$D17:$BG17,">"&-1) -> 15 | BT17: =ROUNDUP(IF(BS17,BR17/BS17%,0),2) -> 93.34 | BU17: =SUMIF($D$7:$BG$7,"5",$D17:$BG17) -> 10 | BV17: =SUMIFS($D$9:$BG$9,$D$7:$BG$7,"5",$D17:$BG17,">"&-1) -> 20 | BW17: =ROUNDUP(IF(BV17,BU17/BV17%,0),2) -> 50 | BX17: =SUMIF($D$7:$BG$7,"6",$D17:$BG17) -> 0 | BY17: =SUMIFS($D$9:$BG$9,$D$7:$BG$7,"6",$D17:$BG17,">"&-1) -> 0 | BZ17: =ROUNDUP(IF(BY17,BX17/BY17%,0),2) -> 0
A18: 23N81A6206 | D18: 5 | F18: 5 | J18: 2 | K18: 2 | L18: 1 | M18: 0 | P18: 1 | Q18: 0 | U18: 5 | W18: 3 | X18: 2 | Y18: 2 | AA18: 4 | AC18: 3 | BA18: 10 | BB18: 10 | BC18: 10 | BD18: 10 | BE18: 10 | BI18: =SUMIF($D$7:$BG$7,"1",$D18:$BG18) -> 14 | BJ18: =SUMIFS($D$9:$BG$9,$D$7:$BG$7,"1",$D18:$BG18,">"&-1) -> 15 | BK18: =ROUNDUP(IF(BJ18,BI18/BJ18%,0),2) -> 93.34 | BL18: =SUMIF($D$7:$BG$7,"2",$D18:$BG18) -> 21 | BM18: =SUMIFS($D$9:$BG$9,$D$7:$BG$7,"2",$D18:$BG18,">"&-1) -> 25 | BN18: =ROUNDUP(IF(BM18,BL18/BM18%,0),2) -> 84 | BO18: =SUMIF($D$7:$BG$7,"3",$D18:$BG18) -> 25 | BP18: =SUMIFS($D$9:$BG$9,$D$7:$BG$7,"3",$D18:$BG18,">"&-1) -> 30 | BQ18: =ROUNDUP(IF(BP18,BO18/BP18%,0),2) -> 83.34 | BR18: =SUMIF($D$7:$BG$7,"4",$D18:$BG18) -> 14 | BS18: =SUMIFS($D$9:$BG$9,$D$7:$BG$7,"4",$D18:$BG18,">"&-1) -> 15 | BT18: =ROUNDUP(IF(BS18,BR18/BS18%,0),2) -> 93.34 | BU18: =SUMIF($D$7:$BG$7,"5",$D18:$BG18) -> 11 | BV18: =SUMIFS($D$9:$BG$9,$D$7:$BG$7,"5",$D18:$BG18,">"&-1) -> 20 | BW18: =ROUNDUP(IF(BV18,BU18/BV18%,0),2) -> 55 | BX18: =SUMIF($D$7:$BG$7,"6",$D18:$BG18) -> 0 | BY18: =SUMIFS($D$9:$BG$9,$D$7:$BG$7,"6",$D18:$BG18,">"&-1) -> 0 | BZ18: =ROUNDUP(IF(BY18,BX18/BY18%,0),2) -> 0
A19: 23N81A6207 | D19: 5 | H19: 2 | J19: 1 | K19: 2 | L19: 0 | M19: 2 | P19: 0 | Q19: 2 | U19: 0 | W19: 3 | X19: 2 | AA19: 3 | AC19: 4 | BA19: 10 | BB19: 10 | BC19: 10 | BD19: 10 | BE19: 10 | BI19: =SUMIF($D$7:$BG$7,"1",$D19:$BG19) -> 13 | BJ19: =SUMIFS($D$9:$BG$9,$D$7:$BG$7,"1",$D19:$BG19,">"&-1) -> 15 | BK19: =ROUNDUP(IF(BJ19,BI19/BJ19%,0),2) -> 86.67 | BL19: =SUMIF($D$7:$BG$7,"2",$D19:$BG19) -> 24 | BM19: =SUMIFS($D$9:$BG$9,$D$7:$BG$7,"2",$D19:$BG19,">"&-1) -> 30 | BN19: =ROUNDUP(IF(BM19,BL19/BM19%,0),2) -> 80 | BO19: =SUMIF($D$7:$BG$7,"3",$D19:$BG19) -> 14 | BP19: =SUMIFS($D$9:$BG$9,$D$7:$BG$7,"3",$D19:$BG19,">"&-1) -> 20 | BQ19: =ROUNDUP(IF(BP19,BO19/BP19%,0),2) -> 70 | BR19: =SUMIF($D$7:$BG$7,"4",$D19:$BG19) -> 13 | BS19: =SUMIFS($D$9:$BG$9,$D$7:$BG$7,"4",$D19:$BG19,">"&-1) -> 15 | BT19: =ROUNDUP(IF(BS19,BR19/BS19%,0),2) -> 86.67 | BU19: =SUMIF($D$7:$BG$7,"5",$D19:$BG19) -> 12 | BV19: =SUMIFS($D$9:$BG$9,$D$7:$BG$7,"5",$D19:$BG19,">"&-1) -> 20 | BW19: =ROUNDUP(IF(BV19,BU19/BV19%,0),2) -> 60 | BX19: =SUMIF($D$7:$BG$7,"6",$D19:$BG19) -> 0 | BY19: =SUMIFS($D$9:$BG$9,$D$7:$BG$7,"6",$D19:$BG19,">"&-1) -> 0 | BZ19: =ROUNDUP(IF(BY19,BX19/BY19%,0),2) -> 0
A20: 23N81A6208 | D20: 0 | E20: 0 | F20: 0 | G20: 0 | H20: 0 | I20: 0 | J20: 0 | K20: 0 | L20: 0 | M20: 0 | N20: 0 | O20: 0 | P20: 0 | Q20: 0 | U20: 5 | W20: 3 | X20: 2 | BA20: 7.5 | BB20: 7.5 | BC20: 7.5 | BD20: 7.5 | BE20: 7.5 | BI20: =SUMIF($D$7:$BG$7,"1",$D20:$BG20) -> 7.5 | BJ20: =SUMIFS($D$9:$BG$9,$D$7:$BG$7,"1",$D20:$BG20,">"&-1) -> 15 | BK20: =ROUNDUP(IF(BJ20,BI20/BJ20%,0),2) -> 50 | BL20: =SUMIF($D$7:$BG$7,"2",$D20:$BG20) -> 12.5 | BM20: =SUMIFS($D$9:$BG$9,$D$7:$BG$7,"2",$D20:$BG20,">"&-1) -> 30 | BN20: =ROUNDUP(IF(BM20,BL20/BM20%,0),2) -> 41.67 | BO20: =SUMIF($D$7:$BG$7,"3",$D20:$BG20) -> 12.5 | BP20: =SUMIFS($D$9:$BG$9,$D$7:$BG$7,"3",$D20:$BG20,">"&-1) -> 25 | BQ20: =ROUNDUP(IF(BP20,BO20/BP20%,0),2) -> 50 | BR20: =SUMIF($D$7:$BG$7,"4",$D20:$BG20) -> 7.5 | BS20: =SUMIFS($D$9:$BG$9,$D$7:$BG$7,"4",$D20:$BG20,">"&-1) -> 10 | BT20: =ROUNDUP(IF(BS20,BR20/BS20%,0),2) -> 75 | BU20: =SUMIF($D$7:$BG$7,"5",$D20:$BG20) -> 7.5 | BV20: =SUMIFS($D$9:$BG$9,$D$7:$BG$7,"5",$D20:$BG20,">"&-1) -> 20 | BW20: =ROUNDUP(IF(BV20,BU20/BV20%,0),2) -> 37.5 | BX20: =SUMIF($D$7:$BG$7,"6",$D20:$BG20) -> 0 | BY20: =SUMIFS($D$9:$BG$9,$D$7:$BG$7,"6",$D20:$BG20,">"&-1) -> 0 | BZ20: =ROUNDUP(IF(BY20,BX20/BY20%,0),2) -> 0
A21: 23N81A6209 | D21: 1 | U21: 1 | W21: 2 | BA21: 10 | BB21: 10 | BC21: 10 | BD21: 10 | BE21: 10 | BI21: =SUMIF($D$7:$BG$7,"1",$D21:$BG21) -> 10 | BJ21: =SUMIFS($D$9:$BG$9,$D$7:$BG$7,"1",$D21:$BG21,">"&-1) -> 10 | BK21: =ROUNDUP(IF(BJ21,BI21/BJ21%,0),2) -> 100 | BL21: =SUMIF($D$7:$BG$7,"2",$D21:$BG21) -> 13 | BM21: =SUMIFS($D$9:$BG$9,$D$7:$BG$7,"2",$D21:$BG21,">"&-1) -> 18 | BN21: =ROUNDUP(IF(BM21,BL21/BM21%,0),2) -> 72.23 | BO21: =SUMIF($D$7:$BG$7,"3",$D21:$BG21) -> 11 | BP21: =SUMIFS($D$9:$BG$9,$D$7:$BG$7,"3",$D21:$BG21,">"&-1) -> 15 | BQ21: =ROUNDUP(IF(BP21,BO21/BP21%,0),2) -> 73.34 | BR21: =SUMIF($D$7:$BG$7,"4",$D21:$BG21) -> 10 | BS21: =SUMIFS($D$9:$BG$9,$D$7:$BG$7,"4",$D21:$BG21,">"&-1) -> 10 | BT21: =ROUNDUP(IF(BS21,BR21/BS21%,0),2) -> 100 | BU21: =SUMIF($D$7:$BG$7,"5",$D21:$BG21) -> 10 | BV21: =SUMIFS($D$9:$BG$9,$D$7:$BG$7,"5",$D21:$BG21,">"&-1) -> 10 | BW21: =ROUNDUP(IF(BV21,BU21/BV21%,0),2) -> 100 | BX21: =SUMIF($D$7:$BG$7,"6",$D21:$BG21) -> 0 | BY21: =SUMIFS($D$9:$BG$9,$D$7:$BG$7,"6",$D21:$BG21,">"&-1) -> 0 | BZ21: =ROUNDUP(IF(BY21,BX21/BY21%,0),2) -> 0
A22: 23N81A6210 | D22: 5 | F22: 5 | H22: 2 | J22: 2 | K22: 2 | L22: 1 | M22: 3 | P22: 1 | Q22: 3 | U22: 5 | W22: 3 | X22: 2 | Y22: 5 | AA22: 5 | AC22: 4 | AE22: 3 | BA22: 10 | BB22: 10 | BC22: 10 | BD22: 10 | BE22: 10 | BI22: =SUMIF($D$7:$BG$7,"1",$D22:$BG22) -> 14 | BJ22: =SUMIFS($D$9:$BG$9,$D$7:$BG$7,"1",$D22:$BG22,">"&-1) -> 15 | BK22: =ROUNDUP(IF(BJ22,BI22/BJ22%,0),2) -> 93.34 | BL22: =SUMIF($D$7:$BG$7,"2",$D22:$BG22) -> 26 | BM22: =SUMIFS($D$9:$BG$9,$D$7:$BG$7,"2",$D22:$BG22,">"&-1) -> 30 | BN22: =ROUNDUP(IF(BM22,BL22/BM22%,0),2) -> 86.67 | BO22: =SUMIF($D$7:$BG$7,"3",$D22:$BG22) -> 32 | BP22: =SUMIFS($D$9:$BG$9,$D$7:$BG$7,"3",$D22:$BG22,">"&-1) -> 35 | BQ22: =ROUNDUP(IF(BP22,BO22/BP22%,0),2) -> 91.43 | BR22: =SUMIF($D$7:$BG$7,"4",$D22:$BG22) -> 15 | BS22: =SUMIFS($D$9:$BG$9,$D$7:$BG$7,"4",$D22:$BG22,">"&-1) -> 15 | BT22: =ROUNDUP(IF(BS22,BR22/BS22%,0),2) -> 100 | BU22: =SUMIF($D$7:$BG$7,"5",$D22:$BG22) -> 14 | BV22: =SUMIFS($D$9:$BG$9,$D$7:$BG$7,"5",$D22:$BG22,">"&-1) -> 20 | BW22: =ROUNDUP(IF(BV22,BU22/BV22%,0),2) -> 70 | BX22: =SUMIF($D$7:$BG$7,"6",$D22:$BG22) -> 0 | BY22: =SUMIFS($D$9:$BG$9,$D$7:$BG$7,"6",$D22:$BG22,">"&-1) -> 0 | BZ22: =ROUNDUP(IF(BY22,BX22/BY22%,0),2) -> 0
A23: 23N81A6211 | D23: 5 | J23: 0 | K23: 2 | L23: 0 | M23: 3 | P23: 0 | Q23: 3 | U23: 5 | W23: 3 | X23: 2 | Y23: 2 | AA23: 1 | BA23: 10 | BB23: 10 | BC23: 10 | BD23: 10 | BE23: 10 | BI23: =SUMIF($D$7:$BG$7,"1",$D23:$BG23) -> 12 | BJ23: =SUMIFS($D$9:$BG$9,$D$7:$BG$7,"1",$D23:$BG23,">"&-1) -> 15 | BK23: =ROUNDUP(IF(BJ23,BI23/BJ23%,0),2) -> 80 | BL23: =SUMIF($D$7:$BG$7,"2",$D23:$BG23) -> 23 | BM23: =SUMIFS($D$9:$BG$9,$D$7:$BG$7,"2",$D23:$BG23,">"&-1) -> 25 | BN23: =ROUNDUP(IF(BM23,BL23/BM23%,0),2) -> 92 | BO23: =SUMIF($D$7:$BG$7,"3",$D23:$BG23) -> 17 | BP23: =SUMIFS($D$9:$BG$9,$D$7:$BG$7,"3",$D23:$BG23,">"&-1) -> 20 | BQ23: =ROUNDUP(IF(BP23,BO23/BP23%,0),2) -> 85 | BR23: =SUMIF($D$7:$BG$7,"4",$D23:$BG23) -> 11 | BS23: =SUMIFS($D$9:$BG$9,$D$7:$BG$7,"4",$D23:$BG23,">"&-1) -> 15 | BT23: =ROUNDUP(IF(BS23,BR23/BS23%,0),2) -> 73.34 | BU23: =SUMIF($D$7:$BG$7,"5",$D23:$BG23) -> 13 | BV23: =SUMIFS($D$9:$BG$9,$D$7:$BG$7,"5",$D23:$BG23,">"&-1) -> 20 | BW23: =ROUNDUP(IF(BV23,BU23/BV23%,0),2) -> 65 | BX23: =SUMIF($D$7:$BG$7,"6",$D23:$BG23) -> 0 | BY23: =SUMIFS($D$9:$BG$9,$D$7:$BG$7,"6",$D23:$BG23,">"&-1) -> 0 | BZ23: =ROUNDUP(IF(BY23,BX23/BY23%,0),2) -> 0
A24: 23N81A6212 | D24: 4 | J24: 2.5 | K24: 2.5 | U24: 4 | W24: 3 | X24: 2 | Y24: 5 | AC24: 3 | BA24: 10 | BB24: 10 | BC24: 10 | BD24: 10 | BE24: 10 | BI24: =SUMIF($D$7:$BG$7,"1",$D24:$BG24) -> 15 | BJ24: =SUMIFS($D$9:$BG$9,$D$7:$BG$7,"1",$D24:$BG24,">"&-1) -> 15 | BK24: =ROUNDUP(IF(BJ24,BI24/BJ24%,0),2) -> 100 | BL24: =SUMIF($D$7:$BG$7,"2",$D24:$BG24) -> 19 | BM24: =SUMIFS($D$9:$BG$9,$D$7:$BG$7,"2",$D24:$BG24,">"&-1) -> 20 | BN24: =ROUNDUP(IF(BM24,BL24/BM24%,0),2) -> 95 | BO24: =SUMIF($D$7:$BG$7,"3",$D24:$BG24) -> 22 | BP24: =SUMIFS($D$9:$BG$9,$D$7:$BG$7,"3",$D24:$BG24,">"&-1) -> 25 | BQ24: =ROUNDUP(IF(BP24,BO24/BP24%,0),2) -> 88 | BR24: =SUMIF($D$7:$BG$7,"4",$D24:$BG24) -> 10 | BS24: =SUMIFS($D$9:$BG$9,$D$7:$BG$7,"4",$D24:$BG24,">"&-1) -> 10 | BT24: =ROUNDUP(IF(BS24,BR24/BS24%,0),2) -> 100 | BU24: =SUMIF($D$7:$BG$7,"5",$D24:$BG24) -> 10 | BV24: =SUMIFS($D$9:$BG$9,$D$7:$BG$7,"5",$D24:$BG24,">"&-1) -> 10 | BW24: =ROUNDUP(IF(BV24,BU24/BV24%,0),2) -> 100 | BX24: =SUMIF($D$7:$BG$7,"6",$D24:$BG24) -> 0 | BY24: =SUMIFS($D$9:$BG$9,$D$7:$BG$7,"6",$D24:$BG24,">"&-1) -> 0 | BZ24: =ROUNDUP(IF(BY24,BX24/BY24%,0),2) -> 0
A25: 23N81A6213 | D25: 5 | H25: 1 | I25: 0 | J25: 0 | K25: 2 | U25: 5 | W25: 3 | X25: 2 | Y25: 2 | AC25: 2 | BA25: 10 | BB25: 10 | BC25: 10 | BD25: 10 | BE25: 10 | BI25: =SUMIF($D$7:$BG$7,"1",$D25:$BG25) -> 12 | BJ25: =SUMIFS($D$9:$BG$9,$D$7:$BG$7,"1",$D25:$BG25,">"&-1) -> 15 | BK25: =ROUNDUP(IF(BJ25,BI25/BJ25%,0),2) -> 80 | BL25: =SUMIF($D$7:$BG$7,"2",$D25:$BG25) -> 21 | BM25: =SUMIFS($D$9:$BG$9,$D$7:$BG$7,"2",$D25:$BG25,">"&-1) -> 25 | BN25: =ROUNDUP(IF(BM25,BL25/BM25%,0),2) -> 84 | BO25: =SUMIF($D$7:$BG$7,"3",$D25:$BG25) -> 19 | BP25: =SUMIFS($D$9:$BG$9,$D$7:$BG$7,"3",$D25:$BG25,">"&-1) -> 25 | BQ25: =ROUNDUP(IF(BP25,BO25/BP25%,0),2) -> 76 | BR25: =SUMIF($D$7:$BG$7,"4",$D25:$BG25) -> 10 | BS25: =SUMIFS($D$9:$BG$9,$D$7:$BG$7,"4",$D25:$BG25,">"&-1) -> 10 | BT25: =ROUNDUP(IF(BS25,BR25/BS25%,0),2) -> 100 | BU25: =SUMIF($D$7:$BG$7,"5",$D25:$BG25) -> 10 | BV25: =SUMIFS($D$9:$BG$9,$D$7:$BG$7,"5",$D25:$BG25,">"&-1) -> 10 | BW25: =ROUNDUP(IF(BV25,BU25/BV25%,0),2) -> 100 | BX25: =SUMIF($D$7:$BG$7,"6",$D25:$BG25) -> 0 | BY25: =SUMIFS($D$9:$BG$9,$D$7:$BG$7,"6",$D25:$BG25,">"&-1) -> 0 | BZ25: =ROUNDUP(IF(BY25,BX25/BY25%,0),2) -> 0
A26: 23N81A6214 | D26: 2 | U26: 5 | W26: 3 | X26: 2 | BA26: 10 | BB26: 10 | BC26: 10 | BD26: 10 | BE26: 10 | BI26: =SUMIF($D$7:$BG$7,"1",$D26:$BG26) -> 10 | BJ26: =SUMIFS($D$9:$BG$9,$D$7:$BG$7,"1",$D26:$BG26,">"&-1) -> 10 | BK26: =ROUNDUP(IF(BJ26,BI26/BJ26%,0),2) -> 100 | BL26: =SUMIF($D$7:$BG$7,"2",$D26:$BG26) -> 17 | BM26: =SUMIFS($D$9:$BG$9,$D$7:$BG$7,"2",$D26:$BG26,">"&-1) -> 20 | BN26: =ROUNDUP(IF(BM26,BL26/BM26%,0),2) -> 85 | BO26: =SUMIF($D$7:$BG$7,"3",$D26:$BG26) -> 15 | BP26: =SUMIFS($D$9:$BG$9,$D$7:$BG$7,"3",$D26:$BG26,">"&-1) -> 15 | BQ26: =ROUNDUP(IF(BP26,BO26/BP26%,0),2) -> 100 | BR26: =SUMIF($D$7:$BG$7,"4",$D26:$BG26) -> 10 | BS26: =SUMIFS($D$9:$BG$9,$D$7:$BG$7,"4",$D26:$BG26,">"&-1) -> 10 | BT26: =ROUNDUP(IF(BS26,BR26/BS26%,0),2) -> 100 | BU26: =SUMIF($D$7:$BG$7,"5",$D26:$BG26) -> 10 | BV26: =SUMIFS($D$9:$BG$9,$D$7:$BG$7,"5",$D26:$BG26,">"&-1) -> 10 | BW26: =ROUNDUP(IF(BV26,BU26/BV26%,0),2) -> 100 | BX26: =SUMIF($D$7:$BG$7,"6",$D26:$BG26) -> 0 | BY26: =SUMIFS($D$9:$BG$9,$D$7:$BG$7,"6",$D26:$BG26,">"&-1) -> 0 | BZ26: =ROUNDUP(IF(BY26,BX26/BY26%,0),2) -> 0
A27: 23N81A6216 | D27: 2 | M27: 2 | Q27: 2 | U27: 5 | W27: 3 | X27: 2 | BA27: 10 | BB27: 10 | BC27: 10 | BD27: 10 | BE27: 10 | BI27: =SUMIF($D$7:$BG$7,"1",$D27:$BG27) -> 10 | BJ27: =SUMIFS($D$9:$BG$9,$D$7:$BG$7,"1",$D27:$BG27,">"&-1) -> 10 | BK27: =ROUNDUP(IF(BJ27,BI27/BJ27%,0),2) -> 100 | BL27: =SUMIF($D$7:$BG$7,"2",$D27:$BG27) -> 19 | BM27: =SUMIFS($D$9:$BG$9,$D$7:$BG$7,"2",$D27:$BG27,">"&-1) -> 22 | BN27: =ROUNDUP(IF(BM27,BL27/BM27%,0),2) -> 86.37 | BO27: =SUMIF($D$7:$BG$7,"3",$D27:$BG27) -> 15 | BP27: =SUMIFS($D$9:$BG$9,$D$7:$BG$7,"3",$D27:$BG27,">"&-1) -> 15 | BQ27: =ROUNDUP(IF(BP27,BO27/BP27%,0),2) -> 100 | BR27: =SUMIF($D$7:$BG$7,"4",$D27:$BG27) -> 10 | BS27: =SUMIFS($D$9:$BG$9,$D$7:$BG$7,"4",$D27:$BG27,">"&-1) -> 10 | BT27: =ROUNDUP(IF(BS27,BR27/BS27%,0),2) -> 100 | BU27: =SUMIF($D$7:$BG$7,"5",$D27:$BG27) -> 12 | BV27: =SUMIFS($D$9:$BG$9,$D$7:$BG$7,"5",$D27:$BG27,">"&-1) -> 15 | BW27: =ROUNDUP(IF(BV27,BU27/BV27%,0),2) -> 80 | BX27: =SUMIF($D$7:$BG$7,"6",$D27:$BG27) -> 0 | BY27: =SUMIFS($D$9:$BG$9,$D$7:$BG$7,"6",$D27:$BG27,">"&-1) -> 0 | BZ27: =ROUNDUP(IF(BY27,BX27/BY27%,0),2) -> 0
A28: 23N81A6217 | D28: 5 | J28: 2.5 | K28: 2.5 | L28: 2 | M28: 2 | P28: 2 | Q28: 2 | U28: 5 | W28: 3 | X28: 2 | Y28: 5 | AA28: 5 | AC28: 3 | BA28: 10 | BB28: 10 | BC28: 10 | BD28: 10 | BE28: 10 | BI28: =SUMIF($D$7:$BG$7,"1",$D28:$BG28) -> 15 | BJ28: =SUMIFS($D$9:$BG$9,$D$7:$BG$7,"1",$D28:$BG28,">"&-1) -> 15 | BK28: =ROUNDUP(IF(BJ28,BI28/BJ28%,0),2) -> 100 | BL28: =SUMIF($D$7:$BG$7,"2",$D28:$BG28) -> 24 | BM28: =SUMIFS($D$9:$BG$9,$D$7:$BG$7,"2",$D28:$BG28,">"&-1) -> 25 | BN28: =ROUNDUP(IF(BM28,BL28/BM28%,0),2) -> 96 | BO28: =SUMIF($D$7:$BG$7,"3",$D28:$BG28) -> 23 | BP28: =SUMIFS($D$9:$BG$9,$D$7:$BG$7,"3",$D28:$BG28,">"&-1) -> 25 | BQ28: =ROUNDUP(IF(BP28,BO28/BP28%,0),2) -> 92 | BR28: =SUMIF($D$7:$BG$7,"4",$D28:$BG28) -> 15 | BS28: =SUMIFS($D$9:$BG$9,$D$7:$BG$7,"4",$D28:$BG28,">"&-1) -> 15 | BT28: =ROUNDUP(IF(BS28,BR28/BS28%,0),2) -> 100 | BU28: =SUMIF($D$7:$BG$7,"5",$D28:$BG28) -> 14 | BV28: =SUMIFS($D$9:$BG$9,$D$7:$BG$7,"5",$D28:$BG28,">"&-1) -> 20 | BW28: =ROUNDUP(IF(BV28,BU28/BV28%,0),2) -> 70 | BX28: =SUMIF($D$7:$BG$7,"6",$D28:$BG28) -> 0 | BY28: =SUMIFS($D$9:$BG$9,$D$7:$BG$7,"6",$D28:$BG28,">"&-1) -> 0 | BZ28: =ROUNDUP(IF(BY28,BX28/BY28%,0),2) -> 0
A29: 23N81A6218 | D29: 4 | F29: 4 | J29: 2 | K29: 2 | L29: 1 | M29: 3 | P29: 1 | Q29: 3 | U29: 5 | W29: 3 | X29: 2 | Y29: 5 | AA29: 5 | BA29: 10 | BB29: 10 | BC29: 10 | BD29: 10 | BE29: 10 | BI29: =SUMIF($D$7:$BG$7,"1",$D29:$BG29) -> 14 | BJ29: =SUMIFS($D$9:$BG$9,$D$7:$BG$7,"1",$D29:$BG29,">"&-1) -> 15 | BK29: =ROUNDUP(IF(BJ29,BI29/BJ29%,0),2) -> 93.34 | BL29: =SUMIF($D$7:$BG$7,"2",$D29:$BG29) -> 23 | BM29: =SUMIFS($D$9:$BG$9,$D$7:$BG$7,"2",$D29:$BG29,">"&-1) -> 25 | BN29: =ROUNDUP(IF(BM29,BL29/BM29%,0),2) -> 92 | BO29: =SUMIF($D$7:$BG$7,"3",$D29:$BG29) -> 24 | BP29: =SUMIFS($D$9:$BG$9,$D$7:$BG$7,"3",$D29:$BG29,">"&-1) -> 25 | BQ29: =ROUNDUP(IF(BP29,BO29/BP29%,0),2) -> 96 | BR29: =SUMIF($D$7:$BG$7,"4",$D29:$BG29) -> 15 | BS29: =SUMIFS($D$9:$BG$9,$D$7:$BG$7,"4",$D29:$BG29,">"&-1) -> 15 | BT29: =ROUNDUP(IF(BS29,BR29/BS29%,0),2) -> 100 | BU29: =SUMIF($D$7:$BG$7,"5",$D29:$BG29) -> 14 | BV29: =SUMIFS($D$9:$BG$9,$D$7:$BG$7,"5",$D29:$BG29,">"&-1) -> 20 | BW29: =ROUNDUP(IF(BV29,BU29/BV29%,0),2) -> 70 | BX29: =SUMIF($D$7:$BG$7,"6",$D29:$BG29) -> 0 | BY29: =SUMIFS($D$9:$BG$9,$D$7:$BG$7,"6",$D29:$BG29,">"&-1) -> 0 | BZ29: =ROUNDUP(IF(BY29,BX29/BY29%,0),2) -> 0
A30: 23N81A6219 | D30: 4 | H30: 3 | J30: 2 | K30: 0 | U30: 5 | Y30: 4 | AA30: 5 | AC30: 5 | AE30: 5 | BA30: 10 | BB30: 10 | BC30: 10 | BD30: 10 | BE30: 10 | BI30: =SUMIF($D$7:$BG$7,"1",$D30:$BG30) -> 12 | BJ30: =SUMIFS($D$9:$BG$9,$D$7:$BG$7,"1",$D30:$BG30,">"&-1) -> 15 | BK30: =ROUNDUP(IF(BJ30,BI30/BJ30%,0),2) -> 80 | BL30: =SUMIF($D$7:$BG$7,"2",$D30:$BG30) -> 17 | BM30: =SUMIFS($D$9:$BG$9,$D$7:$BG$7,"2",$D30:$BG30,">"&-1) -> 20 | BN30: =ROUNDUP(IF(BM30,BL30/BM30%,0),2) -> 85 | BO30: =SUMIF($D$7:$BG$7,"3",$D30:$BG30) -> 29 | BP30: =SUMIFS($D$9:$BG$9,$D$7:$BG$7,"3",$D30:$BG30,">"&-1) -> 30 | BQ30: =ROUNDUP(IF(BP30,BO30/BP30%,0),2) -> 96.67 | BR30: =SUMIF($D$7:$BG$7,"4",$D30:$BG30) -> 15 | BS30: =SUMIFS($D$9:$BG$9,$D$7:$BG$7,"4",$D30:$BG30,">"&-1) -> 15 | BT30: =ROUNDUP(IF(BS30,BR30/BS30%,0),2) -> 100 | BU30: =SUMIF($D$7:$BG$7,"5",$D30:$BG30) -> 10 | BV30: =SUMIFS($D$9:$BG$9,$D$7:$BG$7,"5",$D30:$BG30,">"&-1) -> 10 | BW30: =ROUNDUP(IF(BV30,BU30/BV30%,0),2) -> 100 | BX30: =SUMIF($D$7:$BG$7,"6",$D30:$BG30) -> 0 | BY30: =SUMIFS($D$9:$BG$9,$D$7:$BG$7,"6",$D30:$BG30,">"&-1) -> 0 | BZ30: =ROUNDUP(IF(BY30,BX30/BY30%,0),2) -> 0
A31: 23N81A6220 | D31: 5 | H31: 5 | J31: 2.5 | K31: 2.5 | L31: 2 | M31: 3 | P31: 2 | Q31: 3 | U31: 3 | W31: 3 | X31: 2 | Y31: 5 | AA31: 5 | AC31: 4 | BA31: 10 | BB31: 10 | BC31: 10 | BD31: 10 | BE31: 10 | BI31: =SUMIF($D$7:$BG$7,"1",$D31:$BG31) -> 15 | BJ31: =SUMIFS($D$9:$BG$9,$D$7:$BG$7,"1",$D31:$BG31,">"&-1) -> 15 | BK31: =ROUNDUP(IF(BJ31,BI31/BJ31%,0),2) -> 100 | BL31: =SUMIF($D$7:$BG$7,"2",$D31:$BG31) -> 30 | BM31: =SUMIFS($D$9:$BG$9,$D$7:$BG$7,"2",$D31:$BG31,">"&-1) -> 30 | BN31: =ROUNDUP(IF(BM31,BL31/BM31%,0),2) -> 100 | BO31: =SUMIF($D$7:$BG$7,"3",$D31:$BG31) -> 22 | BP31: =SUMIFS($D$9:$BG$9,$D$7:$BG$7,"3",$D31:$BG31,">"&-1) -> 25 | BQ31: =ROUNDUP(IF(BP31,BO31/BP31%,0),2) -> 88 | BR31: =SUMIF($D$7:$BG$7,"4",$D31:$BG31) -> 15 | BS31: =SUMIFS($D$9:$BG$9,$D$7:$BG$7,"4",$D31:$BG31,">"&-1) -> 15 | BT31: =ROUNDUP(IF(BS31,BR31/BS31%,0),2) -> 100 | BU31: =SUMIF($D$7:$BG$7,"5",$D31:$BG31) -> 15 | BV31: =SUMIFS($D$9:$BG$9,$D$7:$BG$7,"5",$D31:$BG31,">"&-1) -> 20 | BW31: =ROUNDUP(IF(BV31,BU31/BV31%,0),2) -> 75 | BX31: =SUMIF($D$7:$BG$7,"6",$D31:$BG31) -> 0 | BY31: =SUMIFS($D$9:$BG$9,$D$7:$BG$7,"6",$D31:$BG31,">"&-1) -> 0 | BZ31: =ROUNDUP(IF(BY31,BX31/BY31%,0),2) -> 0
A32: 23N81A6221 | D32: 5 | H32: 4 | J32: 2.5 | K32: 2.5 | L32: 2 | M32: 5 | P32: 2 | Q32: 5 | U32: 5 | W32: 3 | X32: 2 | Y32: 5 | AA32: 5 | AC32: 5 | AE32: 4 | BA32: 10 | BB32: 10 | BC32: 10 | BD32: 10 | BE32: 10 | BI32: =SUMIF($D$7:$BG$7,"1",$D32:$BG32) -> 15 | BJ32: =SUMIFS($D$9:$BG$9,$D$7:$BG$7,"1",$D32:$BG32,">"&-1) -> 15 | BK32: =ROUNDUP(IF(BJ32,BI32/BJ32%,0),2) -> 100 | BL32: =SUMIF($D$7:$BG$7,"2",$D32:$BG32) -> 31 | BM32: =SUMIFS($D$9:$BG$9,$D$7:$BG$7,"2",$D32:$BG32,">"&-1) -> 30 | BN32: =ROUNDUP(IF(BM32,BL32/BM32%,0),2) -> 103.34 | BO32: =SUMIF($D$7:$BG$7,"3",$D32:$BG32) -> 29 | BP32: =SUMIFS($D$9:$BG$9,$D$7:$BG$7,"3",$D32:$BG32,">"&-1) -> 30 | BQ32: =ROUNDUP(IF(BP32,BO32/BP32%,0),2) -> 96.67 | BR32: =SUMIF($D$7:$BG$7,"4",$D32:$BG32) -> 15 | BS32: =SUMIFS($D$9:$BG$9,$D$7:$BG$7,"4",$D32:$BG32,">"&-1) -> 15 | BT32: =ROUNDUP(IF(BS32,BR32/BS32%,0),2) -> 100 | BU32: =SUMIF($D$7:$BG$7,"5",$D32:$BG32) -> 17 | BV32: =SUMIFS($D$9:$BG$9,$D$7:$BG$7,"5",$D32:$BG32,">"&-1) -> 20 | BW32: =ROUNDUP(IF(BV32,BU32/BV32%,0),2) -> 85 | BX32: =SUMIF($D$7:$BG$7,"6",$D32:$BG32) -> 0 | BY32: =SUMIFS($D$9:$BG$9,$D$7:$BG$7,"6",$D32:$BG32,">"&-1) -> 0 | BZ32: =ROUNDUP(IF(BY32,BX32/BY32%,0),2) -> 0
A33: 23N81A6222 | D33: 5 | F33: 5 | H33: 5 | L33: 2 | P33: 2 | U33: 5 | W33: 3 | X33: 2 | AC33: 5 | AE33: 4 | BA33: 10 | BB33: 10 | BC33: 10 | BD33: 10 | BE33: 10 | BI33: =SUMIF($D$7:$BG$7,"1",$D33:$BG33) -> 10 | BJ33: =SUMIFS($D$9:$BG$9,$D$7:$BG$7,"1",$D33:$BG33,">"&-1) -> 10 | BK33: =ROUNDUP(IF(BJ33,BI33/BJ33%,0),2) -> 100 | BL33: =SUMIF($D$7:$BG$7,"2",$D33:$BG33) -> 27 | BM33: =SUMIFS($D$9:$BG$9,$D$7:$BG$7,"2",$D33:$BG33,">"&-1) -> 28 | BN33: =ROUNDUP(IF(BM33,BL33/BM33%,0),2) -> 96.43 | BO33: =SUMIF($D$7:$BG$7,"3",$D33:$BG33) -> 29 | BP33: =SUMIFS($D$9:$BG$9,$D$7:$BG$7,"3",$D33:$BG33,">"&-1) -> 30 | BQ33: =ROUNDUP(IF(BP33,BO33/BP33%,0),2) -> 96.67 | BR33: =SUMIF($D$7:$BG$7,"4",$D33:$BG33) -> 10 | BS33: =SUMIFS($D$9:$BG$9,$D$7:$BG$7,"4",$D33:$BG33,">"&-1) -> 10 | BT33: =ROUNDUP(IF(BS33,BR33/BS33%,0),2) -> 100 | BU33: =SUMIF($D$7:$BG$7,"5",$D33:$BG33) -> 12 | BV33: =SUMIFS($D$9:$BG$9,$D$7:$BG$7,"5",$D33:$BG33,">"&-1) -> 15 | BW33: =ROUNDUP(IF(BV33,BU33/BV33%,0),2) -> 80 | BX33: =SUMIF($D$7:$BG$7,"6",$D33:$BG33) -> 0 | BY33: =SUMIFS($D$9:$BG$9,$D$7:$BG$7,"6",$D33:$BG33,">"&-1) -> 0 | BZ33: =ROUNDUP(IF(BY33,BX33/BY33%,0),2) -> 0
A34: 23N81A6223 | D34: 5 | J34: 2.5 | K34: 2.5 | L34: 1 | M34: 3 | P34: 1 | Q34: 3 | U34: 5 | W34: 3 | X34: 2 | Y34: 5 | AA34: 5 | BA34: 10 | BB34: 10 | BC34: 10 | BD34: 10 | BE34: 10 | BI34: =SUMIF($D$7:$BG$7,"1",$D34:$BG34) -> 15 | BJ34: =SUMIFS($D$9:$BG$9,$D$7:$BG$7,"1",$D34:$BG34,">"&-1) -> 15 | BK34: =ROUNDUP(IF(BJ34,BI34/BJ34%,0),2) -> 100 | BL34: =SUMIF($D$7:$BG$7,"2",$D34:$BG34) -> 24 | BM34: =SUMIFS($D$9:$BG$9,$D$7:$BG$7,"2",$D34:$BG34,">"&-1) -> 25 | BN34: =ROUNDUP(IF(BM34,BL34/BM34%,0),2) -> 96 | BO34: =SUMIF($D$7:$BG$7,"3",$D34:$BG34) -> 20 | BP34: =SUMIFS($D$9:$BG$9,$D$7:$BG$7,"3",$D34:$BG34,">"&-1) -> 20 | BQ34: =ROUNDUP(IF(BP34,BO34/BP34%,0),2) -> 100 | BR34: =SUMIF($D$7:$BG$7,"4",$D34:$BG34) -> 15 | BS34: =SUMIFS($D$9:$BG$9,$D$7:$BG$7,"4",$D34:$BG34,">"&-1) -> 15 | BT34: =ROUNDUP(IF(BS34,BR34/BS34%,0),2) -> 100 | BU34: =SUMIF($D$7:$BG$7,"5",$D34:$BG34) -> 14 | BV34: =SUMIFS($D$9:$BG$9,$D$7:$BG$7,"5",$D34:$BG34,">"&-1) -> 20 | BW34: =ROUNDUP(IF(BV34,BU34/BV34%,0),2) -> 70 | BX34: =SUMIF($D$7:$BG$7,"6",$D34:$BG34) -> 0 | BY34: =SUMIFS($D$9:$BG$9,$D$7:$BG$7,"6",$D34:$BG34,">"&-1) -> 0 | BZ34: =ROUNDUP(IF(BY34,BX34/BY34%,0),2) -> 0
A35: 23N81A6226 | D35: 5 | M35: 1 | Q35: 1 | U35: 5 | W35: 3 | X35: 2 | AC35: 2 | AE35: 1 | BA35: 10 | BB35: 10 | BC35: 10 | BD35: 10 | BE35: 10 | BI35: =SUMIF($D$7:$BG$7,"1",$D35:$BG35) -> 10 | BJ35: =SUMIFS($D$9:$BG$9,$D$7:$BG$7,"1",$D35:$BG35,">"&-1) -> 10 | BK35: =ROUNDUP(IF(BJ35,BI35/BJ35%,0),2) -> 100 | BL35: =SUMIF($D$7:$BG$7,"2",$D35:$BG35) -> 21 | BM35: =SUMIFS($D$9:$BG$9,$D$7:$BG$7,"2",$D35:$BG35,">"&-1) -> 22 | BN35: =ROUNDUP(IF(BM35,BL35/BM35%,0),2) -> 95.46 | BO35: =SUMIF($D$7:$BG$7,"3",$D35:$BG35) -> 18 | BP35: =SUMIFS($D$9:$BG$9,$D$7:$BG$7,"3",$D35:$BG35,">"&-1) -> 25 | BQ35: =ROUNDUP(IF(BP35,BO35/BP35%,0),2) -> 72 | BR35: =SUMIF($D$7:$BG$7,"4",$D35:$BG35) -> 10 | BS35: =SUMIFS($D$9:$BG$9,$D$7:$BG$7,"4",$D35:$BG35,">"&-1) -> 10 | BT35: =ROUNDUP(IF(BS35,BR35/BS35%,0),2) -> 100 | BU35: =SUMIF($D$7:$BG$7,"5",$D35:$BG35) -> 11 | BV35: =SUMIFS($D$9:$BG$9,$D$7:$BG$7,"5",$D35:$BG35,">"&-1) -> 15 | BW35: =ROUNDUP(IF(BV35,BU35/BV35%,0),2) -> 73.34 | BX35: =SUMIF($D$7:$BG$7,"6",$D35:$BG35) -> 0 | BY35: =SUMIFS($D$9:$BG$9,$D$7:$BG$7,"6",$D35:$BG35,">"&-1) -> 0 | BZ35: =ROUNDUP(IF(BY35,BX35/BY35%,0),2) -> 0
A36: 23N81A6227 | D36: 5 | W36: 3 | X36: 2 | Y36: 1 | BA36: 10 | BB36: 10 | BC36: 10 | BD36: 10 | BE36: 10 | BI36: =SUMIF($D$7:$BG$7,"1",$D36:$BG36) -> 10 | BJ36: =SUMIFS($D$9:$BG$9,$D$7:$BG$7,"1",$D36:$BG36,">"&-1) -> 10 | BK36: =ROUNDUP(IF(BJ36,BI36/BJ36%,0),2) -> 100 | BL36: =SUMIF($D$7:$BG$7,"2",$D36:$BG36) -> 20 | BM36: =SUMIFS($D$9:$BG$9,$D$7:$BG$7,"2",$D36:$BG36,">"&-1) -> 20 | BN36: =ROUNDUP(IF(BM36,BL36/BM36%,0),2) -> 100 | BO36: =SUMIF($D$7:$BG$7,"3",$D36:$BG36) -> 11 | BP36: =SUMIFS($D$9:$BG$9,$D$7:$BG$7,"3",$D36:$BG36,">"&-1) -> 15 | BQ36: =ROUNDUP(IF(BP36,BO36/BP36%,0),2) -> 73.34 | BR36: =SUMIF($D$7:$BG$7,"4",$D36:$BG36) -> 10 | BS36: =SUMIFS($D$9:$BG$9,$D$7:$BG$7,"4",$D36:$BG36,">"&-1) -> 10 | BT36: =ROUNDUP(IF(BS36,BR36/BS36%,0),2) -> 100 | BU36: =SUMIF($D$7:$BG$7,"5",$D36:$BG36) -> 10 | BV36: =SUMIFS($D$9:$BG$9,$D$7:$BG$7,"5",$D36:$BG36,">"&-1) -> 10 | BW36: =ROUNDUP(IF(BV36,BU36/BV36%,0),2) -> 100 | BX36: =SUMIF($D$7:$BG$7,"6",$D36:$BG36) -> 0 | BY36: =SUMIFS($D$9:$BG$9,$D$7:$BG$7,"6",$D36:$BG36,">"&-1) -> 0 | BZ36: =ROUNDUP(IF(BY36,BX36/BY36%,0),2) -> 0
A37: 23N81A6228 | D37: 5 | U37: 5 | W37: 3 | Y37: 1 | BA37: 10 | BB37: 10 | BC37: 10 | BD37: 10 | BE37: 10 | BI37: =SUMIF($D$7:$BG$7,"1",$D37:$BG37) -> 10 | BJ37: =SUMIFS($D$9:$BG$9,$D$7:$BG$7,"1",$D37:$BG37,">"&-1) -> 10 | BK37: =ROUNDUP(IF(BJ37,BI37/BJ37%,0),2) -> 100 | BL37: =SUMIF($D$7:$BG$7,"2",$D37:$BG37) -> 18 | BM37: =SUMIFS($D$9:$BG$9,$D$7:$BG$7,"2",$D37:$BG37,">"&-1) -> 18 | BN37: =ROUNDUP(IF(BM37,BL37/BM37%,0),2) -> 100 | BO37: =SUMIF($D$7:$BG$7,"3",$D37:$BG37) -> 16 | BP37: =SUMIFS($D$9:$BG$9,$D$7:$BG$7,"3",$D37:$BG37,">"&-1) -> 20 | BQ37: =ROUNDUP(IF(BP37,BO37/BP37%,0),2) -> 80 | BR37: =SUMIF($D$7:$BG$7,"4",$D37:$BG37) -> 10 | BS37: =SUMIFS($D$9:$BG$9,$D$7:$BG$7,"4",$D37:$BG37,">"&-1) -> 10 | BT37: =ROUNDUP(IF(BS37,BR37/BS37%,0),2) -> 100 | BU37: =SUMIF($D$7:$BG$7,"5",$D37:$BG37) -> 10 | BV37: =SUMIFS($D$9:$BG$9,$D$7:$BG$7,"5",$D37:$BG37,">"&-1) -> 10 | BW37: =ROUNDUP(IF(BV37,BU37/BV37%,0),2) -> 100 | BX37: =SUMIF($D$7:$BG$7,"6",$D37:$BG37) -> 0 | BY37: =SUMIFS($D$9:$BG$9,$D$7:$BG$7,"6",$D37:$BG37,">"&-1) -> 0 | BZ37: =ROUNDUP(IF(BY37,BX37/BY37%,0),2) -> 0
A38: 23N81A6229 | D38: 5 | U38: 2 | W38: 3 | X38: 2 | AE38: 2 | BA38: 5 | BB38: 5 | BC38: 5 | BD38: 5 | BE38: 5 | BI38: =SUMIF($D$7:$BG$7,"1",$D38:$BG38) -> 5 | BJ38: =SUMIFS($D$9:$BG$9,$D$7:$BG$7,"1",$D38:$BG38,">"&-1) -> 10 | BK38: =ROUNDUP(IF(BJ38,BI38/BJ38%,0),2) -> 50 | BL38: =SUMIF($D$7:$BG$7,"2",$D38:$BG38) -> 15 | BM38: =SUMIFS($D$9:$BG$9,$D$7:$BG$7,"2",$D38:$BG38,">"&-1) -> 20 | BN38: =ROUNDUP(IF(BM38,BL38/BM38%,0),2) -> 75 | BO38: =SUMIF($D$7:$BG$7,"3",$D38:$BG38) -> 9 | BP38: =SUMIFS($D$9:$BG$9,$D$7:$BG$7,"3",$D38:$BG38,">"&-1) -> 20 | BQ38: =ROUNDUP(IF(BP38,BO38/BP38%,0),2) -> 45 | BR38: =SUMIF($D$7:$BG$7,"4",$D38:$BG38) -> 5 | BS38: =SUMIFS($D$9:$BG$9,$D$7:$BG$7,"4",$D38:$BG38,">"&-1) -> 10 | BT38: =ROUNDUP(IF(BS38,BR38/BS38%,0),2) -> 50 | BU38: =SUMIF($D$7:$BG$7,"5",$D38:$BG38) -> 5 | BV38: =SUMIFS($D$9:$BG$9,$D$7:$BG$7,"5",$D38:$BG38,">"&-1) -> 10 | BW38: =ROUNDUP(IF(BV38,BU38/BV38%,0),2) -> 50 | BX38: =SUMIF($D$7:$BG$7,"6",$D38:$BG38) -> 0 | BY38: =SUMIFS($D$9:$BG$9,$D$7:$BG$7,"6",$D38:$BG38,">"&-1) -> 0 | BZ38: =ROUNDUP(IF(BY38,BX38/BY38%,0),2) -> 0
A39: 23N81A6230 | D39: 3 | J39: 2 | K39: 2 | N39: 4 | U39: 3 | W39: 3 | X39: 2 | AC39: 2 | BA39: 10 | BB39: 10 | BC39: 10 | BD39: 10 | BE39: 10 | BI39: =SUMIF($D$7:$BG$7,"1",$D39:$BG39) -> 14 | BJ39: =SUMIFS($D$9:$BG$9,$D$7:$BG$7,"1",$D39:$BG39,">"&-1) -> 15 | BK39: =ROUNDUP(IF(BJ39,BI39/BJ39%,0),2) -> 93.34 | BL39: =SUMIF($D$7:$BG$7,"2",$D39:$BG39) -> 18 | BM39: =SUMIFS($D$9:$BG$9,$D$7:$BG$7,"2",$D39:$BG39,">"&-1) -> 20 | BN39: =ROUNDUP(IF(BM39,BL39/BM39%,0),2) -> 90 | BO39: =SUMIF($D$7:$BG$7,"3",$D39:$BG39) -> 19 | BP39: =SUMIFS($D$9:$BG$9,$D$7:$BG$7,"3",$D39:$BG39,">"&-1) -> 25 | BQ39: =ROUNDUP(IF(BP39,BO39/BP39%,0),2) -> 76 | BR39: =SUMIF($D$7:$BG$7,"4",$D39:$BG39) -> 10 | BS39: =SUMIFS($D$9:$BG$9,$D$7:$BG$7,"4",$D39:$BG39,">"&-1) -> 10 | BT39: =ROUNDUP(IF(BS39,BR39/BS39%,0),2) -> 100 | BU39: =SUMIF($D$7:$BG$7,"5",$D39:$BG39) -> 10 | BV39: =SUMIFS($D$9:$BG$9,$D$7:$BG$7,"5",$D39:$BG39,">"&-1) -> 10 | BW39: =ROUNDUP(IF(BV39,BU39/BV39%,0),2) -> 100 | BX39: =SUMIF($D$7:$BG$7,"6",$D39:$BG39) -> 0 | BY39: =SUMIFS($D$9:$BG$9,$D$7:$BG$7,"6",$D39:$BG39,">"&-1) -> 0 | BZ39: =ROUNDUP(IF(BY39,BX39/BY39%,0),2) -> 0
A40: 23N81A6231 | D40: 5 | H40: 1 | K40: 1 | L40: 2 | M40: 2 | N40: 5 | P40: 2 | Q40: 2 | U40: 5 | W40: 3 | X40: 2 | Y40: 5 | AA40: 5 | AC40: 4 | BA40: 10 | BB40: 10 | BC40: 10 | BD40: 10 | BE40: 10 | BI40: =SUMIF($D$7:$BG$7,"1",$D40:$BG40) -> 11 | BJ40: =SUMIFS($D$9:$BG$9,$D$7:$BG$7,"1",$D40:$BG40,">"&-1) -> 12.5 | BK40: =ROUNDUP(IF(BJ40,BI40/BJ40%,0),2) -> 88 | BL40: =SUMIF($D$7:$BG$7,"2",$D40:$BG40) -> 25 | BM40: =SUMIFS($D$9:$BG$9,$D$7:$BG$7,"2",$D40:$BG40,">"&-1) -> 30 | BN40: =ROUNDUP(IF(BM40,BL40/BM40%,0),2) -> 83.34 | BO40: =SUMIF($D$7:$BG$7,"3",$D40:$BG40) -> 29 | BP40: =SUMIFS($D$9:$BG$9,$D$7:$BG$7,"3",$D40:$BG40,">"&-1) -> 30 | BQ40: =ROUNDUP(IF(BP40,BO40/BP40%,0),2) -> 96.67 | BR40: =SUMIF($D$7:$BG$7,"4",$D40:$BG40) -> 15 | BS40: =SUMIFS($D$9:$BG$9,$D$7:$BG$7,"4",$D40:$BG40,">"&-1) -> 15 | BT40: =ROUNDUP(IF(BS40,BR40/BS40%,0),2) -> 100 | BU40: =SUMIF($D$7:$BG$7,"5",$D40:$BG40) -> 14 | BV40: =SUMIFS($D$9:$BG$9,$D$7:$BG$7,"5",$D40:$BG40,">"&-1) -> 20 | BW40: =ROUNDUP(IF(BV40,BU40/BV40%,0),2) -> 70 | BX40: =SUMIF($D$7:$BG$7,"6",$D40:$BG40) -> 0 | BY40: =SUMIFS($D$9:$BG$9,$D$7:$BG$7,"6",$D40:$BG40,">"&-1) -> 0 | BZ40: =ROUNDUP(IF(BY40,BX40/BY40%,0),2) -> 0
A41: 23N81A6232 | D41: 4 | F41: 2 | M41: 2 | Q41: 2 | U41: 3 | W41: 3 | X41: 2 | Y41: 3 | AA41: 5 | BA41: 7.5 | BB41: 7.5 | BC41: 7.5 | BD41: 7.5 | BE41: 7.5 | BI41: =SUMIF($D$7:$BG$7,"1",$D41:$BG41) -> 7.5 | BJ41: =SUMIFS($D$9:$BG$9,$D$7:$BG$7,"1",$D41:$BG41,">"&-1) -> 10 | BK41: =ROUNDUP(IF(BJ41,BI41/BJ41%,0),2) -> 75 | BL41: =SUMIF($D$7:$BG$7,"2",$D41:$BG41) -> 18.5 | BM41: =SUMIFS($D$9:$BG$9,$D$7:$BG$7,"2",$D41:$BG41,">"&-1) -> 22 | BN41: =ROUNDUP(IF(BM41,BL41/BM41%,0),2) -> 84.1 | BO41: =SUMIF($D$7:$BG$7,"3",$D41:$BG41) -> 15.5 | BP41: =SUMIFS($D$9:$BG$9,$D$7:$BG$7,"3",$D41:$BG41,">"&-1) -> 25 | BQ41: =ROUNDUP(IF(BP41,BO41/BP41%,0),2) -> 62 | BR41: =SUMIF($D$7:$BG$7,"4",$D41:$BG41) -> 12.5 | BS41: =SUMIFS($D$9:$BG$9,$D$7:$BG$7,"4",$D41:$BG41,">"&-1) -> 15 | BT41: =ROUNDUP(IF(BS41,BR41/BS41%,0),2) -> 83.34 | BU41: =SUMIF($D$7:$BG$7,"5",$D41:$BG41) -> 9.5 | BV41: =SUMIFS($D$9:$BG$9,$D$7:$BG$7,"5",$D41:$BG41,">"&-1) -> 15 | BW41: =ROUNDUP(IF(BV41,BU41/BV41%,0),2) -> 63.34 | BX41: =SUMIF($D$7:$BG$7,"6",$D41:$BG41) -> 0 | BY41: =SUMIFS($D$9:$BG$9,$D$7:$BG$7,"6",$D41:$BG41,">"&-1) -> 0 | BZ41: =ROUNDUP(IF(BY41,BX41/BY41%,0),2) -> 0
A42: 23N81A6233 | U42: 4 | BA42: 10 | BB42: 10 | BC42: 10 | BD42: 10 | BE42: 10 | BI42: =SUMIF($D$7:$BG$7,"1",$D42:$BG42) -> 10 | BJ42: =SUMIFS($D$9:$BG$9,$D$7:$BG$7,"1",$D42:$BG42,">"&-1) -> 10 | BK42: =ROUNDUP(IF(BJ42,BI42/BJ42%,0),2) -> 100 | BL42: =SUMIF($D$7:$BG$7,"2",$D42:$BG42) -> 10 | BM42: =SUMIFS($D$9:$BG$9,$D$7:$BG$7,"2",$D42:$BG42,">"&-1) -> 10 | BN42: =ROUNDUP(IF(BM42,BL42/BM42%,0),2) -> 100 | BO42: =SUMIF($D$7:$BG$7,"3",$D42:$BG42) -> 14 | BP42: =SUMIFS($D$9:$BG$9,$D$7:$BG$7,"3",$D42:$BG42,">"&-1) -> 15 | BQ42: =ROUNDUP(IF(BP42,BO42/BP42%,0),2) -> 93.34 | BR42: =SUMIF($D$7:$BG$7,"4",$D42:$BG42) -> 10 | BS42: =SUMIFS($D$9:$BG$9,$D$7:$BG$7,"4",$D42:$BG42,">"&-1) -> 10 | BT42: =ROUNDUP(IF(BS42,BR42/BS42%,0),2) -> 100 | BU42: =SUMIF($D$7:$BG$7,"5",$D42:$BG42) -> 10 | BV42: =SUMIFS($D$9:$BG$9,$D$7:$BG$7,"5",$D42:$BG42,">"&-1) -> 10 | BW42: =ROUNDUP(IF(BV42,BU42/BV42%,0),2) -> 100 | BX42: =SUMIF($D$7:$BG$7,"6",$D42:$BG42) -> 0 | BY42: =SUMIFS($D$9:$BG$9,$D$7:$BG$7,"6",$D42:$BG42,">"&-1) -> 0 | BZ42: =ROUNDUP(IF(BY42,BX42/BY42%,0),2) -> 0
A43: 23N81A6234 | D43: 5 | H43: 4 | J43: 1 | K43: 0 | N43: 5 | U43: 5 | X43: 2 | Y43: 5 | AA43: 4 | AC43: 5 | BA43: 9 | BB43: 9 | BC43: 9 | BD43: 9 | BE43: 9 | BI43: =SUMIF($D$7:$BG$7,"1",$D43:$BG43) -> 10 | BJ43: =SUMIFS($D$9:$BG$9,$D$7:$BG$7,"1",$D43:$BG43,">"&-1) -> 15 | BK43: =ROUNDUP(IF(BJ43,BI43/BJ43%,0),2) -> 66.67 | BL43: =SUMIF($D$7:$BG$7,"2",$D43:$BG43) -> 20 | BM43: =SUMIFS($D$9:$BG$9,$D$7:$BG$7,"2",$D43:$BG43,">"&-1) -> 22 | BN43: =ROUNDUP(IF(BM43,BL43/BM43%,0),2) -> 90.91 | BO43: =SUMIF($D$7:$BG$7,"3",$D43:$BG43) -> 29 | BP43: =SUMIFS($D$9:$BG$9,$D$7:$BG$7,"3",$D43:$BG43,">"&-1) -> 30 | BQ43: =ROUNDUP(IF(BP43,BO43/BP43%,0),2) -> 96.67 | BR43: =SUMIF($D$7:$BG$7,"4",$D43:$BG43) -> 13 | BS43: =SUMIFS($D$9:$BG$9,$D$7:$BG$7,"4",$D43:$BG43,">"&-1) -> 15 | BT43: =ROUNDUP(IF(BS43,BR43/BS43%,0),2) -> 86.67 | BU43: =SUMIF($D$7:$BG$7,"5",$D43:$BG43) -> 9 | BV43: =SUMIFS($D$9:$BG$9,$D$7:$BG$7,"5",$D43:$BG43,">"&-1) -> 10 | BW43: =ROUNDUP(IF(BV43,BU43/BV43%,0),2) -> 90 | BX43: =SUMIF($D$7:$BG$7,"6",$D43:$BG43) -> 0 | BY43: =SUMIFS($D$9:$BG$9,$D$7:$BG$7,"6",$D43:$BG43,">"&-1) -> 0 | BZ43: =ROUNDUP(IF(BY43,BX43/BY43%,0),2) -> 0
A44: 23N81A6235 | D44: 5 | F44: 5 | L44: 1 | M44: 0 | N44: 5 | P44: 1 | Q44: 0 | U44: 5 | W44: 3 | X44: 2 | Y44: 5 | BA44: 9 | BB44: 9 | BC44: 9 | BD44: 9 | BE44: 9 | BI44: =SUMIF($D$7:$BG$7,"1",$D44:$BG44) -> 9 | BJ44: =SUMIFS($D$9:$BG$9,$D$7:$BG$7,"1",$D44:$BG44,">"&-1) -> 10 | BK44: =ROUNDUP(IF(BJ44,BI44/BJ44%,0),2) -> 90 | BL44: =SUMIF($D$7:$BG$7,"2",$D44:$BG44) -> 20 | BM44: =SUMIFS($D$9:$BG$9,$D$7:$BG$7,"2",$D44:$BG44,">"&-1) -> 25 | BN44: =ROUNDUP(IF(BM44,BL44/BM44%,0),2) -> 80 | BO44: =SUMIF($D$7:$BG$7,"3",$D44:$BG44) -> 29 | BP44: =SUMIFS($D$9:$BG$9,$D$7:$BG$7,"3",$D44:$BG44,">"&-1) -> 30 | BQ44: =ROUNDUP(IF(BP44,BO44/BP44%,0),2) -> 96.67 | BR44: =SUMIF($D$7:$BG$7,"4",$D44:$BG44) -> 9 | BS44: =SUMIFS($D$9:$BG$9,$D$7:$BG$7,"4",$D44:$BG44,">"&-1) -> 10 | BT44: =ROUNDUP(IF(BS44,BR44/BS44%,0),2) -> 90 | BU44: =SUMIF($D$7:$BG$7,"5",$D44:$BG44) -> 10 | BV44: =SUMIFS($D$9:$BG$9,$D$7:$BG$7,"5",$D44:$BG44,">"&-1) -> 20 | BW44: =ROUNDUP(IF(BV44,BU44/BV44%,0),2) -> 50 | BX44: =SUMIF($D$7:$BG$7,"6",$D44:$BG44) -> 0 | BY44: =SUMIFS($D$9:$BG$9,$D$7:$BG$7,"6",$D44:$BG44,">"&-1) -> 0 | BZ44: =ROUNDUP(IF(BY44,BX44/BY44%,0),2) -> 0
A45: 23N81A6236 | D45: 5 | U45: 5 | W45: 3 | X45: 2 | BA45: 5 | BB45: 5 | BC45: 5 | BD45: 5 | BE45: 5 | BI45: =SUMIF($D$7:$BG$7,"1",$D45:$BG45) -> 5 | BJ45: =SUMIFS($D$9:$BG$9,$D$7:$BG$7,"1",$D45:$BG45,">"&-1) -> 10 | BK45: =ROUNDUP(IF(BJ45,BI45/BJ45%,0),2) -> 50 | BL45: =SUMIF($D$7:$BG$7,"2",$D45:$BG45) -> 15 | BM45: =SUMIFS($D$9:$BG$9,$D$7:$BG$7,"2",$D45:$BG45,">"&-1) -> 20 | BN45: =ROUNDUP(IF(BM45,BL45/BM45%,0),2) -> 75 | BO45: =SUMIF($D$7:$BG$7,"3",$D45:$BG45) -> 10 | BP45: =SUMIFS($D$9:$BG$9,$D$7:$BG$7,"3",$D45:$BG45,">"&-1) -> 15 | BQ45: =ROUNDUP(IF(BP45,BO45/BP45%,0),2) -> 66.67 | BR45: =SUMIF($D$7:$BG$7,"4",$D45:$BG45) -> 5 | BS45: =SUMIFS($D$9:$BG$9,$D$7:$BG$7,"4",$D45:$BG45,">"&-1) -> 10 | BT45: =ROUNDUP(IF(BS45,BR45/BS45%,0),2) -> 50 | BU45: =SUMIF($D$7:$BG$7,"5",$D45:$BG45) -> 5 | BV45: =SUMIFS($D$9:$BG$9,$D$7:$BG$7,"5",$D45:$BG45,">"&-1) -> 10 | BW45: =ROUNDUP(IF(BV45,BU45/BV45%,0),2) -> 50 | BX45: =SUMIF($D$7:$BG$7,"6",$D45:$BG45) -> 0 | BY45: =SUMIFS($D$9:$BG$9,$D$7:$BG$7,"6",$D45:$BG45,">"&-1) -> 0 | BZ45: =ROUNDUP(IF(BY45,BX45/BY45%,0),2) -> 0
A46: 23N81A6237 | K46: 1 | U46: 5 | W46: 3 | X46: 2 | Y46: 1 | BA46: 10 | BB46: 10 | BC46: 10 | BD46: 10 | BE46: 10 | BI46: =SUMIF($D$7:$BG$7,"1",$D46:$BG46) -> 11 | BJ46: =SUMIFS($D$9:$BG$9,$D$7:$BG$7,"1",$D46:$BG46,">"&-1) -> 12.5 | BK46: =ROUNDUP(IF(BJ46,BI46/BJ46%,0),2) -> 88 | BL46: =SUMIF($D$7:$BG$7,"2",$D46:$BG46) -> 15 | BM46: =SUMIFS($D$9:$BG$9,$D$7:$BG$7,"2",$D46:$BG46,">"&-1) -> 15 | BN46: =ROUNDUP(IF(BM46,BL46/BM46%,0),2) -> 100 | BO46: =SUMIF($D$7:$BG$7,"3",$D46:$BG46) -> 16 | BP46: =SUMIFS($D$9:$BG$9,$D$7:$BG$7,"3",$D46:$BG46,">"&-1) -> 20 | BQ46: =ROUNDUP(IF(BP46,BO46/BP46%,0),2) -> 80 | BR46: =SUMIF($D$7:$BG$7,"4",$D46:$BG46) -> 10 | BS46: =SUMIFS($D$9:$BG$9,$D$7:$BG$7,"4",$D46:$BG46,">"&-1) -> 10 | BT46: =ROUNDUP(IF(BS46,BR46/BS46%,0),2) -> 100 | BU46: =SUMIF($D$7:$BG$7,"5",$D46:$BG46) -> 10 | BV46: =SUMIFS($D$9:$BG$9,$D$7:$BG$7,"5",$D46:$BG46,">"&-1) -> 10 | BW46: =ROUNDUP(IF(BV46,BU46/BV46%,0),2) -> 100 | BX46: =SUMIF($D$7:$BG$7,"6",$D46:$BG46) -> 0 | BY46: =SUMIFS($D$9:$BG$9,$D$7:$BG$7,"6",$D46:$BG46,">"&-1) -> 0 | BZ46: =ROUNDUP(IF(BY46,BX46/BY46%,0),2) -> 0
A47: 23N81A6238 | D47: 5 | F47: 2 | U47: 5 | W47: 3 | X47: 2 | AC47: 4 | BA47: 5 | BB47: 5 | BC47: 5 | BD47: 5 | BE47: 5 | BI47: =SUMIF($D$7:$BG$7,"1",$D47:$BG47) -> 5 | BJ47: =SUMIFS($D$9:$BG$9,$D$7:$BG$7,"1",$D47:$BG47,">"&-1) -> 10 | BK47: =ROUNDUP(IF(BJ47,BI47/BJ47%,0),2) -> 50 | BL47: =SUMIF($D$7:$BG$7,"2",$D47:$BG47) -> 15 | BM47: =SUMIFS($D$9:$BG$9,$D$7:$BG$7,"2",$D47:$BG47,">"&-1) -> 20 | BN47: =ROUNDUP(IF(BM47,BL47/BM47%,0),2) -> 75 | BO47: =SUMIF($D$7:$BG$7,"3",$D47:$BG47) -> 16 | BP47: =SUMIFS($D$9:$BG$9,$D$7:$BG$7,"3",$D47:$BG47,">"&-1) -> 25 | BQ47: =ROUNDUP(IF(BP47,BO47/BP47%,0),2) -> 64 | BR47: =SUMIF($D$7:$BG$7,"4",$D47:$BG47) -> 5 | BS47: =SUMIFS($D$9:$BG$9,$D$7:$BG$7,"4",$D47:$BG47,">"&-1) -> 10 | BT47: =ROUNDUP(IF(BS47,BR47/BS47%,0),2) -> 50 | BU47: =SUMIF($D$7:$BG$7,"5",$D47:$BG47) -> 5 | BV47: =SUMIFS($D$9:$BG$9,$D$7:$BG$7,"5",$D47:$BG47,">"&-1) -> 10 | BW47: =ROUNDUP(IF(BV47,BU47/BV47%,0),2) -> 50 | BX47: =SUMIF($D$7:$BG$7,"6",$D47:$BG47) -> 0 | BY47: =SUMIFS($D$9:$BG$9,$D$7:$BG$7,"6",$D47:$BG47,">"&-1) -> 0 | BZ47: =ROUNDUP(IF(BY47,BX47/BY47%,0),2) -> 0
A48: 23N81A6239 | D48: 5 | F48: 5 | L48: 2 | M48: 2 | P48: 2 | Q48: 2 | U48: 5 | W48: 3 | X48: 2 | AA48: 5 | AC48: 5 | AE48: 5 | BA48: 5 | BB48: 5 | BC48: 5 | BD48: 5 | BE48: 5 | BI48: =SUMIF($D$7:$BG$7,"1",$D48:$BG48) -> 5 | BJ48: =SUMIFS($D$9:$BG$9,$D$7:$BG$7,"1",$D48:$BG48,">"&-1) -> 10 | BK48: =ROUNDUP(IF(BJ48,BI48/BJ48%,0),2) -> 50 | BL48: =SUMIF($D$7:$BG$7,"2",$D48:$BG48) -> 19 | BM48: =SUMIFS($D$9:$BG$9,$D$7:$BG$7,"2",$D48:$BG48,">"&-1) -> 25 | BN48: =ROUNDUP(IF(BM48,BL48/BM48%,0),2) -> 76 | BO48: =SUMIF($D$7:$BG$7,"3",$D48:$BG48) -> 25 | BP48: =SUMIFS($D$9:$BG$9,$D$7:$BG$7,"3",$D48:$BG48,">"&-1) -> 30 | BQ48: =ROUNDUP(IF(BP48,BO48/BP48%,0),2) -> 83.34 | BR48: =SUMIF($D$7:$BG$7,"4",$D48:$BG48) -> 10 | BS48: =SUMIFS($D$9:$BG$9,$D$7:$BG$7,"4",$D48:$BG48,">"&-1) -> 15 | BT48: =ROUNDUP(IF(BS48,BR48/BS48%,0),2) -> 66.67 | BU48: =SUMIF($D$7:$BG$7,"5",$D48:$BG48) -> 9 | BV48: =SUMIFS($D$9:$BG$9,$D$7:$BG$7,"5",$D48:$BG48,">"&-1) -> 20 | BW48: =ROUNDUP(IF(BV48,BU48/BV48%,0),2) -> 45 | BX48: =SUMIF($D$7:$BG$7,"6",$D48:$BG48) -> 0 | BY48: =SUMIFS($D$9:$BG$9,$D$7:$BG$7,"6",$D48:$BG48,">"&-1) -> 0 | BZ48: =ROUNDUP(IF(BY48,BX48/BY48%,0),2) -> 0
A49: 23N81A6240 | D49: 5 | J49: 2.5 | K49: 2.5 | L49: 2 | M49: 3 | P49: 2 | Q49: 3 | U49: 5 | W49: 3 | X49: 2 | Y49: 5 | AA49: 4 | AC49: 5 | BA49: 10 | BB49: 10 | BC49: 10 | BD49: 10 | BE49: 10 | BI49: =SUMIF($D$7:$BG$7,"1",$D49:$BG49) -> 15 | BJ49: =SUMIFS($D$9:$BG$9,$D$7:$BG$7,"1",$D49:$BG49,">"&-1) -> 15 | BK49: =ROUNDUP(IF(BJ49,BI49/BJ49%,0),2) -> 100 | BL49: =SUMIF($D$7:$BG$7,"2",$D49:$BG49) -> 25 | BM49: =SUMIFS($D$9:$BG$9,$D$7:$BG$7,"2",$D49:$BG49,">"&-1) -> 25 | BN49: =ROUNDUP(IF(BM49,BL49/BM49%,0),2) -> 100 | BO49: =SUMIF($D$7:$BG$7,"3",$D49:$BG49) -> 25 | BP49: =SUMIFS($D$9:$BG$9,$D$7:$BG$7,"3",$D49:$BG49,">"&-1) -> 25 | BQ49: =ROUNDUP(IF(BP49,BO49/BP49%,0),2) -> 100 | BR49: =SUMIF($D$7:$BG$7,"4",$D49:$BG49) -> 14 | BS49: =SUMIFS($D$9:$BG$9,$D$7:$BG$7,"4",$D49:$BG49,">"&-1) -> 15 | BT49: =ROUNDUP(IF(BS49,BR49/BS49%,0),2) -> 93.34 | BU49: =SUMIF($D$7:$BG$7,"5",$D49:$BG49) -> 15 | BV49: =SUMIFS($D$9:$BG$9,$D$7:$BG$7,"5",$D49:$BG49,">"&-1) -> 20 | BW49: =ROUNDUP(IF(BV49,BU49/BV49%,0),2) -> 75 | BX49: =SUMIF($D$7:$BG$7,"6",$D49:$BG49) -> 0 | BY49: =SUMIFS($D$9:$BG$9,$D$7:$BG$7,"6",$D49:$BG49,">"&-1) -> 0 | BZ49: =ROUNDUP(IF(BY49,BX49/BY49%,0),2) -> 0
A50: 23N81A6241 | D50: 5 | F50: 4 | L50: 2 | M50: 2 | P50: 2 | Q50: 2 | U50: 5 | W50: 3 | X50: 2 | Y50: 5 | AA50: 5 | AC50: 5 | BA50: 10 | BB50: 10 | BC50: 10 | BD50: 10 | BE50: 10 | BI50: =SUMIF($D$7:$BG$7,"1",$D50:$BG50) -> 10 | BJ50: =SUMIFS($D$9:$BG$9,$D$7:$BG$7,"1",$D50:$BG50,">"&-1) -> 10 | BK50: =ROUNDUP(IF(BJ50,BI50/BJ50%,0),2) -> 100 | BL50: =SUMIF($D$7:$BG$7,"2",$D50:$BG50) -> 24 | BM50: =SUMIFS($D$9:$BG$9,$D$7:$BG$7,"2",$D50:$BG50,">"&-1) -> 25 | BN50: =ROUNDUP(IF(BM50,BL50/BM50%,0),2) -> 96 | BO50: =SUMIF($D$7:$BG$7,"3",$D50:$BG50) -> 29 | BP50: =SUMIFS($D$9:$BG$9,$D$7:$BG$7,"3",$D50:$BG50,">"&-1) -> 30 | BQ50: =ROUNDUP(IF(BP50,BO50/BP50%,0),2) -> 96.67 | BR50: =SUMIF($D$7:$BG$7,"4",$D50:$BG50) -> 15 | BS50: =SUMIFS($D$9:$BG$9,$D$7:$BG$7,"4",$D50:$BG50,">"&-1) -> 15 | BT50: =ROUNDUP(IF(BS50,BR50/BS50%,0),2) -> 100 | BU50: =SUMIF($D$7:$BG$7,"5",$D50:$BG50) -> 14 | BV50: =SUMIFS($D$9:$BG$9,$D$7:$BG$7,"5",$D50:$BG50,">"&-1) -> 20 | BW50: =ROUNDUP(IF(BV50,BU50/BV50%,0),2) -> 70 | BX50: =SUMIF($D$7:$BG$7,"6",$D50:$BG50) -> 0 | BY50: =SUMIFS($D$9:$BG$9,$D$7:$BG$7,"6",$D50:$BG50,">"&-1) -> 0 | BZ50: =ROUNDUP(IF(BY50,BX50/BY50%,0),2) -> 0
A51: 23N81A6242 | D51: 5 | F51: 5 | J51: 2.5 | K51: 2.5 | L51: 2 | M51: 2 | P51: 2 | Q51: 2 | U51: 5 | Y51: 5 | AA51: 5 | AC51: 5 | BA51: 10 | BB51: 10 | BC51: 10 | BD51: 10 | BE51: 10 | BI51: =SUMIF($D$7:$BG$7,"1",$D51:$BG51) -> 15 | BJ51: =SUMIFS($D$9:$BG$9,$D$7:$BG$7,"1",$D51:$BG51,">"&-1) -> 15 | BK51: =ROUNDUP(IF(BJ51,BI51/BJ51%,0),2) -> 100 | BL51: =SUMIF($D$7:$BG$7,"2",$D51:$BG51) -> 19 | BM51: =SUMIFS($D$9:$BG$9,$D$7:$BG$7,"2",$D51:$BG51,">"&-1) -> 20 | BN51: =ROUNDUP(IF(BM51,BL51/BM51%,0),2) -> 95 | BO51: =SUMIF($D$7:$BG$7,"3",$D51:$BG51) -> 30 | BP51: =SUMIFS($D$9:$BG$9,$D$7:$BG$7,"3",$D51:$BG51,">"&-1) -> 30 | BQ51: =ROUNDUP(IF(BP51,BO51/BP51%,0),2) -> 100 | BR51: =SUMIF($D$7:$BG$7,"4",$D51:$BG51) -> 15 | BS51: =SUMIFS($D$9:$BG$9,$D$7:$BG$7,"4",$D51:$BG51,">"&-1) -> 15 | BT51: =ROUNDUP(IF(BS51,BR51/BS51%,0),2) -> 100 | BU51: =SUMIF($D$7:$BG$7,"5",$D51:$BG51) -> 14 | BV51: =SUMIFS($D$9:$BG$9,$D$7:$BG$7,"5",$D51:$BG51,">"&-1) -> 20 | BW51: =ROUNDUP(IF(BV51,BU51/BV51%,0),2) -> 70 | BX51: =SUMIF($D$7:$BG$7,"6",$D51:$BG51) -> 0 | BY51: =SUMIFS($D$9:$BG$9,$D$7:$BG$7,"6",$D51:$BG51,">"&-1) -> 0 | BZ51: =ROUNDUP(IF(BY51,BX51/BY51%,0),2) -> 0
A52: 23N81A6243 | D52: 5 | H52: 2 | L52: 2 | N52: 2 | P52: 2 | U52: 2 | W52: 3 | X52: 2 | AA52: 5 | AC52: 3 | BA52: 5 | BB52: 5 | BC52: 5 | BD52: 5 | BE52: 5 | BI52: =SUMIF($D$7:$BG$7,"1",$D52:$BG52) -> 5 | BJ52: =SUMIFS($D$9:$BG$9,$D$7:$BG$7,"1",$D52:$BG52,">"&-1) -> 10 | BK52: =ROUNDUP(IF(BJ52,BI52/BJ52%,0),2) -> 50 | BL52: =SUMIF($D$7:$BG$7,"2",$D52:$BG52) -> 19 | BM52: =SUMIFS($D$9:$BG$9,$D$7:$BG$7,"2",$D52:$BG52,">"&-1) -> 28 | BN52: =ROUNDUP(IF(BM52,BL52/BM52%,0),2) -> 67.86 | BO52: =SUMIF($D$7:$BG$7,"3",$D52:$BG52) -> 12 | BP52: =SUMIFS($D$9:$BG$9,$D$7:$BG$7,"3",$D52:$BG52,">"&-1) -> 25 | BQ52: =ROUNDUP(IF(BP52,BO52/BP52%,0),2) -> 48 | BR52: =SUMIF($D$7:$BG$7,"4",$D52:$BG52) -> 10 | BS52: =SUMIFS($D$9:$BG$9,$D$7:$BG$7,"4",$D52:$BG52,">"&-1) -> 15 | BT52: =ROUNDUP(IF(BS52,BR52/BS52%,0),2) -> 66.67 | BU52: =SUMIF($D$7:$BG$7,"5",$D52:$BG52) -> 7 | BV52: =SUMIFS($D$9:$BG$9,$D$7:$BG$7,"5",$D52:$BG52,">"&-1) -> 15 | BW52: =ROUNDUP(IF(BV52,BU52/BV52%,0),2) -> 46.67 | BX52: =SUMIF($D$7:$BG$7,"6",$D52:$BG52) -> 0 | BY52: =SUMIFS($D$9:$BG$9,$D$7:$BG$7,"6",$D52:$BG52,">"&-1) -> 0 | BZ52: =ROUNDUP(IF(BY52,BX52/BY52%,0),2) -> 0
A53: 23N81A6244 | D53: 5 | F53: 5 | H53: 5 | J53: 2.5 | K53: 2.5 | L53: 1 | M53: 3 | P53: 1 | Q53: 3 | U53: 5 | W53: 3 | X53: 2 | AA53: 5 | AC53: 4 | AE53: 5 | BA53: 10 | BB53: 10 | BC53: 10 | BD53: 10 | BE53: 10 | BI53: =SUMIF($D$7:$BG$7,"1",$D53:$BG53) -> 15 | BJ53: =SUMIFS($D$9:$BG$9,$D$7:$BG$7,"1",$D53:$BG53,">"&-1) -> 15 | BK53: =ROUNDUP(IF(BJ53,BI53/BJ53%,0),2) -> 100 | BL53: =SUMIF($D$7:$BG$7,"2",$D53:$BG53) -> 29 | BM53: =SUMIFS($D$9:$BG$9,$D$7:$BG$7,"2",$D53:$BG53,">"&-1) -> 30 | BN53: =ROUNDUP(IF(BM53,BL53/BM53%,0),2) -> 96.67 | BO53: =SUMIF($D$7:$BG$7,"3",$D53:$BG53) -> 29 | BP53: =SUMIFS($D$9:$BG$9,$D$7:$BG$7,"3",$D53:$BG53,">"&-1) -> 30 | BQ53: =ROUNDUP(IF(BP53,BO53/BP53%,0),2) -> 96.67 | BR53: =SUMIF($D$7:$BG$7,"4",$D53:$BG53) -> 15 | BS53: =SUMIFS($D$9:$BG$9,$D$7:$BG$7,"4",$D53:$BG53,">"&-1) -> 15 | BT53: =ROUNDUP(IF(BS53,BR53/BS53%,0),2) -> 100 | BU53: =SUMIF($D$7:$BG$7,"5",$D53:$BG53) -> 14 | BV53: =SUMIFS($D$9:$BG$9,$D$7:$BG$7,"5",$D53:$BG53,">"&-1) -> 20 | BW53: =ROUNDUP(IF(BV53,BU53/BV53%,0),2) -> 70 | BX53: =SUMIF($D$7:$BG$7,"6",$D53:$BG53) -> 0 | BY53: =SUMIFS($D$9:$BG$9,$D$7:$BG$7,"6",$D53:$BG53,">"&-1) -> 0 | BZ53: =ROUNDUP(IF(BY53,BX53/BY53%,0),2) -> 0
A54: 23N81A6245 | D54: 5 | J54: 1 | K54: 0 | M54: 2 | Q54: 2 | U54: 5 | W54: 3 | X54: 2 | Y54: 1 | AA54: 2 | BA54: 5 | BB54: 5 | BC54: 5 | BD54: 5 | BE54: 5 | BI54: =SUMIF($D$7:$BG$7,"1",$D54:$BG54) -> 6 | BJ54: =SUMIFS($D$9:$BG$9,$D$7:$BG$7,"1",$D54:$BG54,">"&-1) -> 15 | BK54: =ROUNDUP(IF(BJ54,BI54/BJ54%,0),2) -> 40 | BL54: =SUMIF($D$7:$BG$7,"2",$D54:$BG54) -> 17 | BM54: =SUMIFS($D$9:$BG$9,$D$7:$BG$7,"2",$D54:$BG54,">"&-1) -> 22 | BN54: =ROUNDUP(IF(BM54,BL54/BM54%,0),2) -> 77.28 | BO54: =SUMIF($D$7:$BG$7,"3",$D54:$BG54) -> 11 | BP54: =SUMIFS($D$9:$BG$9,$D$7:$BG$7,"3",$D54:$BG54,">"&-1) -> 20 | BQ54: =ROUNDUP(IF(BP54,BO54/BP54%,0),2) -> 55 | BR54: =SUMIF($D$7:$BG$7,"4",$D54:$BG54) -> 7 | BS54: =SUMIFS($D$9:$BG$9,$D$7:$BG$7,"4",$D54:$BG54,">"&-1) -> 15 | BT54: =ROUNDUP(IF(BS54,BR54/BS54%,0),2) -> 46.67 | BU54: =SUMIF($D$7:$BG$7,"5",$D54:$BG54) -> 7 | BV54: =SUMIFS($D$9:$BG$9,$D$7:$BG$7,"5",$D54:$BG54,">"&-1) -> 15 | BW54: =ROUNDUP(IF(BV54,BU54/BV54%,0),2) -> 46.67 | BX54: =SUMIF($D$7:$BG$7,"6",$D54:$BG54) -> 0 | BY54: =SUMIFS($D$9:$BG$9,$D$7:$BG$7,"6",$D54:$BG54,">"&-1) -> 0 | BZ54: =ROUNDUP(IF(BY54,BX54/BY54%,0),2) -> 0
A55: 23N81A6246 | D55: 1 | U55: 4 | W55: 3 | X55: 2 | Y55: 2 | AA55: 3 | BA55: 10 | BB55: 10 | BC55: 10 | BD55: 10 | BE55: 10 | BI55: =SUMIF($D$7:$BG$7,"1",$D55:$BG55) -> 10 | BJ55: =SUMIFS($D$9:$BG$9,$D$7:$BG$7,"1",$D55:$BG55,">"&-1) -> 10 | BK55: =ROUNDUP(IF(BJ55,BI55/BJ55%,0),2) -> 100 | BL55: =SUMIF($D$7:$BG$7,"2",$D55:$BG55) -> 16 | BM55: =SUMIFS($D$9:$BG$9,$D$7:$BG$7,"2",$D55:$BG55,">"&-1) -> 20 | BN55: =ROUNDUP(IF(BM55,BL55/BM55%,0),2) -> 80 | BO55: =SUMIF($D$7:$BG$7,"3",$D55:$BG55) -> 16 | BP55: =SUMIFS($D$9:$BG$9,$D$7:$BG$7,"3",$D55:$BG55,">"&-1) -> 20 | BQ55: =ROUNDUP(IF(BP55,BO55/BP55%,0),2) -> 80 | BR55: =SUMIF($D$7:$BG$7,"4",$D55:$BG55) -> 13 | BS55: =SUMIFS($D$9:$BG$9,$D$7:$BG$7,"4",$D55:$BG55,">"&-1) -> 15 | BT55: =ROUNDUP(IF(BS55,BR55/BS55%,0),2) -> 86.67 | BU55: =SUMIF($D$7:$BG$7,"5",$D55:$BG55) -> 10 | BV55: =SUMIFS($D$9:$BG$9,$D$7:$BG$7,"5",$D55:$BG55,">"&-1) -> 10 | BW55: =ROUNDUP(IF(BV55,BU55/BV55%,0),2) -> 100 | BX55: =SUMIF($D$7:$BG$7,"6",$D55:$BG55) -> 0 | BY55: =SUMIFS($D$9:$BG$9,$D$7:$BG$7,"6",$D55:$BG55,">"&-1) -> 0 | BZ55: =ROUNDUP(IF(BY55,BX55/BY55%,0),2) -> 0
A56: 23N81A6247 | D56: 1 | U56: 3 | W56: 3 | AA56: 3 | AC56: 2 | BA56: 5 | BB56: 5 | BC56: 5 | BD56: 5 | BE56: 5 | BI56: =SUMIF($D$7:$BG$7,"1",$D56:$BG56) -> 5 | BJ56: =SUMIFS($D$9:$BG$9,$D$7:$BG$7,"1",$D56:$BG56,">"&-1) -> 10 | BK56: =ROUNDUP(IF(BJ56,BI56/BJ56%,0),2) -> 50 | BL56: =SUMIF($D$7:$BG$7,"2",$D56:$BG56) -> 9 | BM56: =SUMIFS($D$9:$BG$9,$D$7:$BG$7,"2",$D56:$BG56,">"&-1) -> 18 | BN56: =ROUNDUP(IF(BM56,BL56/BM56%,0),2) -> 50 | BO56: =SUMIF($D$7:$BG$7,"3",$D56:$BG56) -> 10 | BP56: =SUMIFS($D$9:$BG$9,$D$7:$BG$7,"3",$D56:$BG56,">"&-1) -> 20 | BQ56: =ROUNDUP(IF(BP56,BO56/BP56%,0),2) -> 50 | BR56: =SUMIF($D$7:$BG$7,"4",$D56:$BG56) -> 8 | BS56: =SUMIFS($D$9:$BG$9,$D$7:$BG$7,"4",$D56:$BG56,">"&-1) -> 15 | BT56: =ROUNDUP(IF(BS56,BR56/BS56%,0),2) -> 53.34 | BU56: =SUMIF($D$7:$BG$7,"5",$D56:$BG56) -> 5 | BV56: =SUMIFS($D$9:$BG$9,$D$7:$BG$7,"5",$D56:$BG56,">"&-1) -> 10 | BW56: =ROUNDUP(IF(BV56,BU56/BV56%,0),2) -> 50 | BX56: =SUMIF($D$7:$BG$7,"6",$D56:$BG56) -> 0 | BY56: =SUMIFS($D$9:$BG$9,$D$7:$BG$7,"6",$D56:$BG56,">"&-1) -> 0 | BZ56: =ROUNDUP(IF(BY56,BX56/BY56%,0),2) -> 0
A57: 23N81A6248 | D57: 4 | M57: 2 | N57: 1 | Q57: 2 | U57: 5 | W57: 2 | X57: 2 | Y57: 2 | BA57: 10 | BB57: 10 | BC57: 10 | BD57: 10 | BE57: 10 | BI57: =SUMIF($D$7:$BG$7,"1",$D57:$BG57) -> 10 | BJ57: =SUMIFS($D$9:$BG$9,$D$7:$BG$7,"1",$D57:$BG57,">"&-1) -> 10 | BK57: =ROUNDUP(IF(BJ57,BI57/BJ57%,0),2) -> 100 | BL57: =SUMIF($D$7:$BG$7,"2",$D57:$BG57) -> 20 | BM57: =SUMIFS($D$9:$BG$9,$D$7:$BG$7,"2",$D57:$BG57,">"&-1) -> 22 | BN57: =ROUNDUP(IF(BM57,BL57/BM57%,0),2) -> 90.91 | BO57: =SUMIF($D$7:$BG$7,"3",$D57:$BG57) -> 18 | BP57: =SUMIFS($D$9:$BG$9,$D$7:$BG$7,"3",$D57:$BG57,">"&-1) -> 25 | BQ57: =ROUNDUP(IF(BP57,BO57/BP57%,0),2) -> 72 | BR57: =SUMIF($D$7:$BG$7,"4",$D57:$BG57) -> 10 | BS57: =SUMIFS($D$9:$BG$9,$D$7:$BG$7,"4",$D57:$BG57,">"&-1) -> 10 | BT57: =ROUNDUP(IF(BS57,BR57/BS57%,0),2) -> 100 | BU57: =SUMIF($D$7:$BG$7,"5",$D57:$BG57) -> 12 | BV57: =SUMIFS($D$9:$BG$9,$D$7:$BG$7,"5",$D57:$BG57,">"&-1) -> 15 | BW57: =ROUNDUP(IF(BV57,BU57/BV57%,0),2) -> 80 | BX57: =SUMIF($D$7:$BG$7,"6",$D57:$BG57) -> 0 | BY57: =SUMIFS($D$9:$BG$9,$D$7:$BG$7,"6",$D57:$BG57,">"&-1) -> 0 | BZ57: =ROUNDUP(IF(BY57,BX57/BY57%,0),2) -> 0
A58: 23N81A6249 | D58: 1 | N58: 1 | U58: 4 | W58: 3 | AC58: 1 | BA58: 2.5 | BB58: 2.5 | BC58: 2.5 | BD58: 2.5 | BE58: 2.5 | BI58: =SUMIF($D$7:$BG$7,"1",$D58:$BG58) -> 2.5 | BJ58: =SUMIFS($D$9:$BG$9,$D$7:$BG$7,"1",$D58:$BG58,">"&-1) -> 10 | BK58: =ROUNDUP(IF(BJ58,BI58/BJ58%,0),2) -> 25 | BL58: =SUMIF($D$7:$BG$7,"2",$D58:$BG58) -> 6.5 | BM58: =SUMIFS($D$9:$BG$9,$D$7:$BG$7,"2",$D58:$BG58,">"&-1) -> 18 | BN58: =ROUNDUP(IF(BM58,BL58/BM58%,0),2) -> 36.12 | BO58: =SUMIF($D$7:$BG$7,"3",$D58:$BG58) -> 8.5 | BP58: =SUMIFS($D$9:$BG$9,$D$7:$BG$7,"3",$D58:$BG58,">"&-1) -> 25 | BQ58: =ROUNDUP(IF(BP58,BO58/BP58%,0),2) -> 34 | BR58: =SUMIF($D$7:$BG$7,"4",$D58:$BG58) -> 2.5 | BS58: =SUMIFS($D$9:$BG$9,$D$7:$BG$7,"4",$D58:$BG58,">"&-1) -> 10 | BT58: =ROUNDUP(IF(BS58,BR58/BS58%,0),2) -> 25 | BU58: =SUMIF($D$7:$BG$7,"5",$D58:$BG58) -> 2.5 | BV58: =SUMIFS($D$9:$BG$9,$D$7:$BG$7,"5",$D58:$BG58,">"&-1) -> 10 | BW58: =ROUNDUP(IF(BV58,BU58/BV58%,0),2) -> 25 | BX58: =SUMIF($D$7:$BG$7,"6",$D58:$BG58) -> 0 | BY58: =SUMIFS($D$9:$BG$9,$D$7:$BG$7,"6",$D58:$BG58,">"&-1) -> 0 | BZ58: =ROUNDUP(IF(BY58,BX58/BY58%,0),2) -> 0
A59: 23N81A6250 | D59: 0 | U59: 5 | W59: 3 | X59: 2 | Y59: 2 | AC59: 3 | BA59: 5 | BB59: 5 | BC59: 5 | BD59: 5 | BE59: 5 | BI59: =SUMIF($D$7:$BG$7,"1",$D59:$BG59) -> 5 | BJ59: =SUMIFS($D$9:$BG$9,$D$7:$BG$7,"1",$D59:$BG59,">"&-1) -> 10 | BK59: =ROUNDUP(IF(BJ59,BI59/BJ59%,0),2) -> 50 | BL59: =SUMIF($D$7:$BG$7,"2",$D59:$BG59) -> 10 | BM59: =SUMIFS($D$9:$BG$9,$D$7:$BG$7,"2",$D59:$BG59,">"&-1) -> 20 | BN59: =ROUNDUP(IF(BM59,BL59/BM59%,0),2) -> 50 | BO59: =SUMIF($D$7:$BG$7,"3",$D59:$BG59) -> 15 | BP59: =SUMIFS($D$9:$BG$9,$D$7:$BG$7,"3",$D59:$BG59,">"&-1) -> 25 | BQ59: =ROUNDUP(IF(BP59,BO59/BP59%,0),2) -> 60 | BR59: =SUMIF($D$7:$BG$7,"4",$D59:$BG59) -> 5 | BS59: =SUMIFS($D$9:$BG$9,$D$7:$BG$7,"4",$D59:$BG59,">"&-1) -> 10 | BT59: =ROUNDUP(IF(BS59,BR59/BS59%,0),2) -> 50 | BU59: =SUMIF($D$7:$BG$7,"5",$D59:$BG59) -> 5 | BV59: =SUMIFS($D$9:$BG$9,$D$7:$BG$7,"5",$D59:$BG59,">"&-1) -> 10 | BW59: =ROUNDUP(IF(BV59,BU59/BV59%,0),2) -> 50 | BX59: =SUMIF($D$7:$BG$7,"6",$D59:$BG59) -> 0 | BY59: =SUMIFS($D$9:$BG$9,$D$7:$BG$7,"6",$D59:$BG59,">"&-1) -> 0 | BZ59: =ROUNDUP(IF(BY59,BX59/BY59%,0),2) -> 0
A60: 23N81A6251 | D60: 5 | F60: 5 | U60: 2 | W60: 3 | X60: 2 | Y60: 2 | BA60: 9 | BB60: 9 | BC60: 9 | BD60: 9 | BE60: 9 | BI60: =SUMIF($D$7:$BG$7,"1",$D60:$BG60) -> 9 | BJ60: =SUMIFS($D$9:$BG$9,$D$7:$BG$7,"1",$D60:$BG60,">"&-1) -> 10 | BK60: =ROUNDUP(IF(BJ60,BI60/BJ60%,0),2) -> 90 | BL60: =SUMIF($D$7:$BG$7,"2",$D60:$BG60) -> 19 | BM60: =SUMIFS($D$9:$BG$9,$D$7:$BG$7,"2",$D60:$BG60,">"&-1) -> 20 | BN60: =ROUNDUP(IF(BM60,BL60/BM60%,0),2) -> 95 | BO60: =SUMIF($D$7:$BG$7,"3",$D60:$BG60) -> 18 | BP60: =SUMIFS($D$9:$BG$9,$D$7:$BG$7,"3",$D60:$BG60,">"&-1) -> 25 | BQ60: =ROUNDUP(IF(BP60,BO60/BP60%,0),2) -> 72 | BR60: =SUMIF($D$7:$BG$7,"4",$D60:$BG60) -> 9 | BS60: =SUMIFS($D$9:$BG$9,$D$7:$BG$7,"4",$D60:$BG60,">"&-1) -> 10 | BT60: =ROUNDUP(IF(BS60,BR60/BS60%,0),2) -> 90 | BU60: =SUMIF($D$7:$BG$7,"5",$D60:$BG60) -> 9 | BV60: =SUMIFS($D$9:$BG$9,$D$7:$BG$7,"5",$D60:$BG60,">"&-1) -> 10 | BW60: =ROUNDUP(IF(BV60,BU60/BV60%,0),2) -> 90 | BX60: =SUMIF($D$7:$BG$7,"6",$D60:$BG60) -> 0 | BY60: =SUMIFS($D$9:$BG$9,$D$7:$BG$7,"6",$D60:$BG60,">"&-1) -> 0 | BZ60: =ROUNDUP(IF(BY60,BX60/BY60%,0),2) -> 0
A61: 23N81A6252 | L61: 2 | M61: 1 | P61: 2 | Q61: 1 | W61: 1 | X61: 2 | BA61: 6.5 | BB61: 6.5 | BC61: 6.5 | BD61: 6.5 | BE61: 6.5 | BI61: =SUMIF($D$7:$BG$7,"1",$D61:$BG61) -> 6.5 | BJ61: =SUMIFS($D$9:$BG$9,$D$7:$BG$7,"1",$D61:$BG61,">"&-1) -> 10 | BK61: =ROUNDUP(IF(BJ61,BI61/BJ61%,0),2) -> 65 | BL61: =SUMIF($D$7:$BG$7,"2",$D61:$BG61) -> 12.5 | BM61: =SUMIFS($D$9:$BG$9,$D$7:$BG$7,"2",$D61:$BG61,">"&-1) -> 20 | BN61: =ROUNDUP(IF(BM61,BL61/BM61%,0),2) -> 62.5 | BO61: =SUMIF($D$7:$BG$7,"3",$D61:$BG61) -> 6.5 | BP61: =SUMIFS($D$9:$BG$9,$D$7:$BG$7,"3",$D61:$BG61,">"&-1) -> 10 | BQ61: =ROUNDUP(IF(BP61,BO61/BP61%,0),2) -> 65 | BR61: =SUMIF($D$7:$BG$7,"4",$D61:$BG61) -> 6.5 | BS61: =SUMIFS($D$9:$BG$9,$D$7:$BG$7,"4",$D61:$BG61,">"&-1) -> 10 | BT61: =ROUNDUP(IF(BS61,BR61/BS61%,0),2) -> 65 | BU61: =SUMIF($D$7:$BG$7,"5",$D61:$BG61) -> 9.5 | BV61: =SUMIFS($D$9:$BG$9,$D$7:$BG$7,"5",$D61:$BG61,">"&-1) -> 20 | BW61: =ROUNDUP(IF(BV61,BU61/BV61%,0),2) -> 47.5 | BX61: =SUMIF($D$7:$BG$7,"6",$D61:$BG61) -> 0 | BY61: =SUMIFS($D$9:$BG$9,$D$7:$BG$7,"6",$D61:$BG61,">"&-1) -> 0 | BZ61: =ROUNDUP(IF(BY61,BX61/BY61%,0),2) -> 0
A62: 23N81A6253 | D62: 5 | F62: 3 | J62: 1 | L62: 1 | M62: 3 | P62: 1 | Q62: 3 | U62: 5 | W62: 3 | X62: 2 | AC62: 3 | BA62: 10 | BB62: 10 | BC62: 10 | BD62: 10 | BE62: 10 | BI62: =SUMIF($D$7:$BG$7,"1",$D62:$BG62) -> 11 | BJ62: =SUMIFS($D$9:$BG$9,$D$7:$BG$7,"1",$D62:$BG62,">"&-1) -> 12.5 | BK62: =ROUNDUP(IF(BJ62,BI62/BJ62%,0),2) -> 88 | BL62: =SUMIF($D$7:$BG$7,"2",$D62:$BG62) -> 24 | BM62: =SUMIFS($D$9:$BG$9,$D$7:$BG$7,"2",$D62:$BG62,">"&-1) -> 25 | BN62: =ROUNDUP(IF(BM62,BL62/BM62%,0),2) -> 96 | BO62: =SUMIF($D$7:$BG$7,"3",$D62:$BG62) -> 21 | BP62: =SUMIFS($D$9:$BG$9,$D$7:$BG$7,"3",$D62:$BG62,">"&-1) -> 25 | BQ62: =ROUNDUP(IF(BP62,BO62/BP62%,0),2) -> 84 | BR62: =SUMIF($D$7:$BG$7,"4",$D62:$BG62) -> 10 | BS62: =SUMIFS($D$9:$BG$9,$D$7:$BG$7,"4",$D62:$BG62,">"&-1) -> 10 | BT62: =ROUNDUP(IF(BS62,BR62/BS62%,0),2) -> 100 | BU62: =SUMIF($D$7:$BG$7,"5",$D62:$BG62) -> 14 | BV62: =SUMIFS($D$9:$BG$9,$D$7:$BG$7,"5",$D62:$BG62,">"&-1) -> 20 | BW62: =ROUNDUP(IF(BV62,BU62/BV62%,0),2) -> 70 | BX62: =SUMIF($D$7:$BG$7,"6",$D62:$BG62) -> 0 | BY62: =SUMIFS($D$9:$BG$9,$D$7:$BG$7,"6",$D62:$BG62,">"&-1) -> 0 | BZ62: =ROUNDUP(IF(BY62,BX62/BY62%,0),2) -> 0
A63: 23N81A6254 | D63: 5 | F63: 5 | J63: 2.5 | K63: 2.5 | M63: 2 | Q63: 2 | U63: 5 | W63: 3 | X63: 2 | Y63: 4 | AA63: 3 | BA63: 10 | BB63: 10 | BC63: 10 | BD63: 10 | BE63: 10 | BI63: =SUMIF($D$7:$BG$7,"1",$D63:$BG63) -> 15 | BJ63: =SUMIFS($D$9:$BG$9,$D$7:$BG$7,"1",$D63:$BG63,">"&-1) -> 15 | BK63: =ROUNDUP(IF(BJ63,BI63/BJ63%,0),2) -> 100 | BL63: =SUMIF($D$7:$BG$7,"2",$D63:$BG63) -> 22 | BM63: =SUMIFS($D$9:$BG$9,$D$7:$BG$7,"2",$D63:$BG63,">"&-1) -> 22 | BN63: =ROUNDUP(IF(BM63,BL63/BM63%,0),2) -> 100 | BO63: =SUMIF($D$7:$BG$7,"3",$D63:$BG63) -> 24 | BP63: =SUMIFS($D$9:$BG$9,$D$7:$BG$7,"3",$D63:$BG63,">"&-1) -> 25 | BQ63: =ROUNDUP(IF(BP63,BO63/BP63%,0),2) -> 96 | BR63: =SUMIF($D$7:$BG$7,"4",$D63:$BG63) -> 13 | BS63: =SUMIFS($D$9:$BG$9,$D$7:$BG$7,"4",$D63:$BG63,">"&-1) -> 15 | BT63: =ROUNDUP(IF(BS63,BR63/BS63%,0),2) -> 86.67 | BU63: =SUMIF($D$7:$BG$7,"5",$D63:$BG63) -> 12 | BV63: =SUMIFS($D$9:$BG$9,$D$7:$BG$7,"5",$D63:$BG63,">"&-1) -> 15 | BW63: =ROUNDUP(IF(BV63,BU63/BV63%,0),2) -> 80 | BX63: =SUMIF($D$7:$BG$7,"6",$D63:$BG63) -> 0 | BY63: =SUMIFS($D$9:$BG$9,$D$7:$BG$7,"6",$D63:$BG63,">"&-1) -> 0 | BZ63: =ROUNDUP(IF(BY63,BX63/BY63%,0),2) -> 0
A64: 23N81A6255 | D64: 5 | F64: 5 | J64: 2.5 | K64: 2.5 | N64: 5 | U64: 5 | W64: 3 | X64: 2 | Y64: 5 | AA64: 5 | AC64: 5 | AE64: 5 | BA64: 10 | BB64: 10 | BC64: 10 | BD64: 10 | BE64: 10 | BI64: =SUMIF($D$7:$BG$7,"1",$D64:$BG64) -> 15 | BJ64: =SUMIFS($D$9:$BG$9,$D$7:$BG$7,"1",$D64:$BG64,">"&-1) -> 15 | BK64: =ROUNDUP(IF(BJ64,BI64/BJ64%,0),2) -> 100 | BL64: =SUMIF($D$7:$BG$7,"2",$D64:$BG64) -> 20 | BM64: =SUMIFS($D$9:$BG$9,$D$7:$BG$7,"2",$D64:$BG64,">"&-1) -> 20 | BN64: =ROUNDUP(IF(BM64,BL64/BM64%,0),2) -> 100 | BO64: =SUMIF($D$7:$BG$7,"3",$D64:$BG64) -> 40 | BP64: =SUMIFS($D$9:$BG$9,$D$7:$BG$7,"3",$D64:$BG64,">"&-1) -> 40 | BQ64: =ROUNDUP(IF(BP64,BO64/BP64%,0),2) -> 100 | BR64: =SUMIF($D$7:$BG$7,"4",$D64:$BG64) -> 15 | BS64: =SUMIFS($D$9:$BG$9,$D$7:$BG$7,"4",$D64:$BG64,">"&-1) -> 15 | BT64: =ROUNDUP(IF(BS64,BR64/BS64%,0),2) -> 100 | BU64: =SUMIF($D$7:$BG$7,"5",$D64:$BG64) -> 10 | BV64: =SUMIFS($D$9:$BG$9,$D$7:$BG$7,"5",$D64:$BG64,">"&-1) -> 10 | BW64: =ROUNDUP(IF(BV64,BU64/BV64%,0),2) -> 100 | BX64: =SUMIF($D$7:$BG$7,"6",$D64:$BG64) -> 0 | BY64: =SUMIFS($D$9:$BG$9,$D$7:$BG$7,"6",$D64:$BG64,">"&-1) -> 0 | BZ64: =ROUNDUP(IF(BY64,BX64/BY64%,0),2) -> 0
A65: 23N81A6256 | D65: 5 | F65: 5 | J65: 0 | K65: 2 | L65: 1 | M65: 3 | P65: 1 | Q65: 3 | U65: 4 | W65: 3 | X65: 2 | AA65: 4 | AC65: 4 | BA65: 7 | BB65: 7 | BC65: 7 | BD65: 7 | BE65: 7 | BI65: =SUMIF($D$7:$BG$7,"1",$D65:$BG65) -> 9 | BJ65: =SUMIFS($D$9:$BG$9,$D$7:$BG$7,"1",$D65:$BG65,">"&-1) -> 15 | BK65: =ROUNDUP(IF(BJ65,BI65/BJ65%,0),2) -> 60 | BL65: =SUMIF($D$7:$BG$7,"2",$D65:$BG65) -> 21 | BM65: =SUMIFS($D$9:$BG$9,$D$7:$BG$7,"2",$D65:$BG65,">"&-1) -> 25 | BN65: =ROUNDUP(IF(BM65,BL65/BM65%,0),2) -> 84 | BO65: =SUMIF($D$7:$BG$7,"3",$D65:$BG65) -> 20 | BP65: =SUMIFS($D$9:$BG$9,$D$7:$BG$7,"3",$D65:$BG65,">"&-1) -> 25 | BQ65: =ROUNDUP(IF(BP65,BO65/BP65%,0),2) -> 80 | BR65: =SUMIF($D$7:$BG$7,"4",$D65:$BG65) -> 11 | BS65: =SUMIFS($D$9:$BG$9,$D$7:$BG$7,"4",$D65:$BG65,">"&-1) -> 15 | BT65: =ROUNDUP(IF(BS65,BR65/BS65%,0),2) -> 73.34 | BU65: =SUMIF($D$7:$BG$7,"5",$D65:$BG65) -> 11 | BV65: =SUMIFS($D$9:$BG$9,$D$7:$BG$7,"5",$D65:$BG65,">"&-1) -> 20 | BW65: =ROUNDUP(IF(BV65,BU65/BV65%,0),2) -> 55 | BX65: =SUMIF($D$7:$BG$7,"6",$D65:$BG65) -> 0 | BY65: =SUMIFS($D$9:$BG$9,$D$7:$BG$7,"6",$D65:$BG65,">"&-1) -> 0 | BZ65: =ROUNDUP(IF(BY65,BX65/BY65%,0),2) -> 0
A66: 23N81A6257 | D66: 5 | F66: 1 | H66: 4 | J66: 2.5 | K66: 2.5 | L66: 2 | M66: 2 | P66: 2 | Q66: 2 | U66: 4 | W66: 3 | X66: 2 | Y66: 2 | AA66: 3 | AC66: 5 | AE66: 3 | BA66: 5 | BB66: 5 | BC66: 5 | BD66: 5 | BE66: 5 | BI66: =SUMIF($D$7:$BG$7,"1",$D66:$BG66) -> 10 | BJ66: =SUMIFS($D$9:$BG$9,$D$7:$BG$7,"1",$D66:$BG66,">"&-1) -> 15 | BK66: =ROUNDUP(IF(BJ66,BI66/BJ66%,0),2) -> 66.67 | BL66: =SUMIF($D$7:$BG$7,"2",$D66:$BG66) -> 23 | BM66: =SUMIFS($D$9:$BG$9,$D$7:$BG$7,"2",$D66:$BG66,">"&-1) -> 30 | BN66: =ROUNDUP(IF(BM66,BL66/BM66%,0),2) -> 76.67 | BO66: =SUMIF($D$7:$BG$7,"3",$D66:$BG66) -> 20 | BP66: =SUMIFS($D$9:$BG$9,$D$7:$BG$7,"3",$D66:$BG66,">"&-1) -> 35 | BQ66: =ROUNDUP(IF(BP66,BO66/BP66%,0),2) -> 57.15 | BR66: =SUMIF($D$7:$BG$7,"4",$D66:$BG66) -> 8 | BS66: =SUMIFS($D$9:$BG$9,$D$7:$BG$7,"4",$D66:$BG66,">"&-1) -> 15 | BT66: =ROUNDUP(IF(BS66,BR66/BS66%,0),2) -> 53.34 | BU66: =SUMIF($D$7:$BG$7,"5",$D66:$BG66) -> 9 | BV66: =SUMIFS($D$9:$BG$9,$D$7:$BG$7,"5",$D66:$BG66,">"&-1) -> 20 | BW66: =ROUNDUP(IF(BV66,BU66/BV66%,0),2) -> 45 | BX66: =SUMIF($D$7:$BG$7,"6",$D66:$BG66) -> 0 | BY66: =SUMIFS($D$9:$BG$9,$D$7:$BG$7,"6",$D66:$BG66,">"&-1) -> 0 | BZ66: =ROUNDUP(IF(BY66,BX66/BY66%,0),2) -> 0
A67: 23N81A6258 | D67: 5 | J67: 2.5 | K67: 2.5 | N67: 5 | U67: 5 | W67: 3 | X67: 2 | Y67: 3 | AA67: 5 | AC67: 3 | BA67: 7 | BB67: 7 | BC67: 7 | BD67: 7 | BE67: 7 | BI67: =SUMIF($D$7:$BG$7,"1",$D67:$BG67) -> 12 | BJ67: =SUMIFS($D$9:$BG$9,$D$7:$BG$7,"1",$D67:$BG67,">"&-1) -> 15 | BK67: =ROUNDUP(IF(BJ67,BI67/BJ67%,0),2) -> 80 | BL67: =SUMIF($D$7:$BG$7,"2",$D67:$BG67) -> 17 | BM67: =SUMIFS($D$9:$BG$9,$D$7:$BG$7,"2",$D67:$BG67,">"&-1) -> 20 | BN67: =ROUNDUP(IF(BM67,BL67/BM67%,0),2) -> 85 | BO67: =SUMIF($D$7:$BG$7,"3",$D67:$BG67) -> 23 | BP67: =SUMIFS($D$9:$BG$9,$D$7:$BG$7,"3",$D67:$BG67,">"&-1) -> 30 | BQ67: =ROUNDUP(IF(BP67,BO67/BP67%,0),2) -> 76.67 | BR67: =SUMIF($D$7:$BG$7,"4",$D67:$BG67) -> 12 | BS67: =SUMIFS($D$9:$BG$9,$D$7:$BG$7,"4",$D67:$BG67,">"&-1) -> 15 | BT67: =ROUNDUP(IF(BS67,BR67/BS67%,0),2) -> 80 | BU67: =SUMIF($D$7:$BG$7,"5",$D67:$BG67) -> 7 | BV67: =SUMIFS($D$9:$BG$9,$D$7:$BG$7,"5",$D67:$BG67,">"&-1) -> 10 | BW67: =ROUNDUP(IF(BV67,BU67/BV67%,0),2) -> 70 | BX67: =SUMIF($D$7:$BG$7,"6",$D67:$BG67) -> 0 | BY67: =SUMIFS($D$9:$BG$9,$D$7:$BG$7,"6",$D67:$BG67,">"&-1) -> 0 | BZ67: =ROUNDUP(IF(BY67,BX67/BY67%,0),2) -> 0
A68: 23N81A6259 | D68: 5 | N68: 5 | U68: 5 | W68: 3 | X68: 2 | AA68: 2 | BA68: 5 | BB68: 5 | BC68: 5 | BD68: 5 | BE68: 5 | BI68: =SUMIF($D$7:$BG$7,"1",$D68:$BG68) -> 5 | BJ68: =SUMIFS($D$9:$BG$9,$D$7:$BG$7,"1",$D68:$BG68,">"&-1) -> 10 | BK68: =ROUNDUP(IF(BJ68,BI68/BJ68%,0),2) -> 50 | BL68: =SUMIF($D$7:$BG$7,"2",$D68:$BG68) -> 15 | BM68: =SUMIFS($D$9:$BG$9,$D$7:$BG$7,"2",$D68:$BG68,">"&-1) -> 20 | BN68: =ROUNDUP(IF(BM68,BL68/BM68%,0),2) -> 75 | BO68: =SUMIF($D$7:$BG$7,"3",$D68:$BG68) -> 15 | BP68: =SUMIFS($D$9:$BG$9,$D$7:$BG$7,"3",$D68:$BG68,">"&-1) -> 20 | BQ68: =ROUNDUP(IF(BP68,BO68/BP68%,0),2) -> 75 | BR68: =SUMIF($D$7:$BG$7,"4",$D68:$BG68) -> 7 | BS68: =SUMIFS($D$9:$BG$9,$D$7:$BG$7,"4",$D68:$BG68,">"&-1) -> 15 | BT68: =ROUNDUP(IF(BS68,BR68/BS68%,0),2) -> 46.67 | BU68: =SUMIF($D$7:$BG$7,"5",$D68:$BG68) -> 5 | BV68: =SUMIFS($D$9:$BG$9,$D$7:$BG$7,"5",$D68:$BG68,">"&-1) -> 10 | BW68: =ROUNDUP(IF(BV68,BU68/BV68%,0),2) -> 50 | BX68: =SUMIF($D$7:$BG$7,"6",$D68:$BG68) -> 0 | BY68: =SUMIFS($D$9:$BG$9,$D$7:$BG$7,"6",$D68:$BG68,">"&-1) -> 0 | BZ68: =ROUNDUP(IF(BY68,BX68/BY68%,0),2) -> 0
A69: 23N81A6260 | D69: 5 | F69: 4 | J69: 2 | L69: 1 | M69: 2 | P69: 1 | Q69: 2 | U69: 5 | W69: 3 | X69: 2 | Y69: 2 | AC69: 3 | BA69: 7 | BB69: 7 | BC69: 7 | BD69: 7 | BE69: 7 | BI69: =SUMIF($D$7:$BG$7,"1",$D69:$BG69) -> 9 | BJ69: =SUMIFS($D$9:$BG$9,$D$7:$BG$7,"1",$D69:$BG69,">"&-1) -> 12.5 | BK69: =ROUNDUP(IF(BJ69,BI69/BJ69%,0),2) -> 72 | BL69: =SUMIF($D$7:$BG$7,"2",$D69:$BG69) -> 20 | BM69: =SUMIFS($D$9:$BG$9,$D$7:$BG$7,"2",$D69:$BG69,">"&-1) -> 25 | BN69: =ROUNDUP(IF(BM69,BL69/BM69%,0),2) -> 80 | BO69: =SUMIF($D$7:$BG$7,"3",$D69:$BG69) -> 21 | BP69: =SUMIFS($D$9:$BG$9,$D$7:$BG$7,"3",$D69:$BG69,">"&-1) -> 30 | BQ69: =ROUNDUP(IF(BP69,BO69/BP69%,0),2) -> 70 | BR69: =SUMIF($D$7:$BG$7,"4",$D69:$BG69) -> 7 | BS69: =SUMIFS($D$9:$BG$9,$D$7:$BG$7,"4",$D69:$BG69,">"&-1) -> 10 | BT69: =ROUNDUP(IF(BS69,BR69/BS69%,0),2) -> 70 | BU69: =SUMIF($D$7:$BG$7,"5",$D69:$BG69) -> 10 | BV69: =SUMIFS($D$9:$BG$9,$D$7:$BG$7,"5",$D69:$BG69,">"&-1) -> 20 | BW69: =ROUNDUP(IF(BV69,BU69/BV69%,0),2) -> 50 | BX69: =SUMIF($D$7:$BG$7,"6",$D69:$BG69) -> 0 | BY69: =SUMIFS($D$9:$BG$9,$D$7:$BG$7,"6",$D69:$BG69,">"&-1) -> 0 | BZ69: =ROUNDUP(IF(BY69,BX69/BY69%,0),2) -> 0
A70: 23N81A6261 | D70: 5 | F70: 5 | H70: 3 | J70: 0 | K70: 0 | L70: 1 | M70: 2 | P70: 1 | Q70: 2 | U70: 5 | W70: 3 | X70: 2 | Y70: 1 | AC70: 4 | BA70: 10 | BB70: 10 | BC70: 10 | BD70: 10 | BE70: 10 | BI70: =SUMIF($D$7:$BG$7,"1",$D70:$BG70) -> 10 | BJ70: =SUMIFS($D$9:$BG$9,$D$7:$BG$7,"1",$D70:$BG70,">"&-1) -> 15 | BK70: =ROUNDUP(IF(BJ70,BI70/BJ70%,0),2) -> 66.67 | BL70: =SUMIF($D$7:$BG$7,"2",$D70:$BG70) -> 26 | BM70: =SUMIFS($D$9:$BG$9,$D$7:$BG$7,"2",$D70:$BG70,">"&-1) -> 30 | BN70: =ROUNDUP(IF(BM70,BL70/BM70%,0),2) -> 86.67 | BO70: =SUMIF($D$7:$BG$7,"3",$D70:$BG70) -> 25 | BP70: =SUMIFS($D$9:$BG$9,$D$7:$BG$7,"3",$D70:$BG70,">"&-1) -> 30 | BQ70: =ROUNDUP(IF(BP70,BO70/BP70%,0),2) -> 83.34 | BR70: =SUMIF($D$7:$BG$7,"4",$D70:$BG70) -> 10 | BS70: =SUMIFS($D$9:$BG$9,$D$7:$BG$7,"4",$D70:$BG70,">"&-1) -> 10 | BT70: =ROUNDUP(IF(BS70,BR70/BS70%,0),2) -> 100 | BU70: =SUMIF($D$7:$BG$7,"5",$D70:$BG70) -> 13 | BV70: =SUMIFS($D$9:$BG$9,$D$7:$BG$7,"5",$D70:$BG70,">"&-1) -> 20 | BW70: =ROUNDUP(IF(BV70,BU70/BV70%,0),2) -> 65 | BX70: =SUMIF($D$7:$BG$7,"6",$D70:$BG70) -> 0 | BY70: =SUMIFS($D$9:$BG$9,$D$7:$BG$7,"6",$D70:$BG70,">"&-1) -> 0 | BZ70: =ROUNDUP(IF(BY70,BX70/BY70%,0),2) -> 0
A71: 23N81A6262 | D71: 5 | H71: 2 | U71: 5 | W71: 3 | X71: 2 | Y71: 5 | AA71: 4 | AC71: 2 | AD71: 2 | BA71: 10 | BB71: 10 | BC71: 10 | BD71: 10 | BE71: 10 | BI71: =SUMIF($D$7:$BG$7,"1",$D71:$BG71) -> 10 | BJ71: =SUMIFS($D$9:$BG$9,$D$7:$BG$7,"1",$D71:$BG71,">"&-1) -> 10 | BK71: =ROUNDUP(IF(BJ71,BI71/BJ71%,0),2) -> 100 | BL71: =SUMIF($D$7:$BG$7,"2",$D71:$BG71) -> 22 | BM71: =SUMIFS($D$9:$BG$9,$D$7:$BG$7,"2",$D71:$BG71,">"&-1) -> 25 | BN71: =ROUNDUP(IF(BM71,BL71/BM71%,0),2) -> 88 | BO71: =SUMIF($D$7:$BG$7,"3",$D71:$BG71) -> 22 | BP71: =SUMIFS($D$9:$BG$9,$D$7:$BG$7,"3",$D71:$BG71,">"&-1) -> 25 | BQ71: =ROUNDUP(IF(BP71,BO71/BP71%,0),2) -> 88 | BR71: =SUMIF($D$7:$BG$7,"4",$D71:$BG71) -> 14 | BS71: =SUMIFS($D$9:$BG$9,$D$7:$BG$7,"4",$D71:$BG71,">"&-1) -> 15 | BT71: =ROUNDUP(IF(BS71,BR71/BS71%,0),2) -> 93.34 | BU71: =SUMIF($D$7:$BG$7,"5",$D71:$BG71) -> 10 | BV71: =SUMIFS($D$9:$BG$9,$D$7:$BG$7,"5",$D71:$BG71,">"&-1) -> 10 | BW71: =ROUNDUP(IF(BV71,BU71/BV71%,0),2) -> 100 | BX71: =SUMIF($D$7:$BG$7,"6",$D71:$BG71) -> 0 | BY71: =SUMIFS($D$9:$BG$9,$D$7:$BG$7,"6",$D71:$BG71,">"&-1) -> 0 | BZ71: =ROUNDUP(IF(BY71,BX71/BY71%,0),2) -> 0
A72: 23N81A6263 | D72: 2 | U72: 4 | W72: 3 | X72: 2 | Y72: 1 | AA72: 4 | BA72: 5 | BB72: 5 | BC72: 5 | BD72: 5 | BE72: 5 | BI72: =SUMIF($D$7:$BG$7,"1",$D72:$BG72) -> 5 | BJ72: =SUMIFS($D$9:$BG$9,$D$7:$BG$7,"1",$D72:$BG72,">"&-1) -> 10 | BK72: =ROUNDUP(IF(BJ72,BI72/BJ72%,0),2) -> 50 | BL72: =SUMIF($D$7:$BG$7,"2",$D72:$BG72) -> 12 | BM72: =SUMIFS($D$9:$BG$9,$D$7:$BG$7,"2",$D72:$BG72,">"&-1) -> 20 | BN72: =ROUNDUP(IF(BM72,BL72/BM72%,0),2) -> 60 | BO72: =SUMIF($D$7:$BG$7,"3",$D72:$BG72) -> 10 | BP72: =SUMIFS($D$9:$BG$9,$D$7:$BG$7,"3",$D72:$BG72,">"&-1) -> 20 | BQ72: =ROUNDUP(IF(BP72,BO72/BP72%,0),2) -> 50 | BR72: =SUMIF($D$7:$BG$7,"4",$D72:$BG72) -> 9 | BS72: =SUMIFS($D$9:$BG$9,$D$7:$BG$7,"4",$D72:$BG72,">"&-1) -> 15 | BT72: =ROUNDUP(IF(BS72,BR72/BS72%,0),2) -> 60 | BU72: =SUMIF($D$7:$BG$7,"5",$D72:$BG72) -> 5 | BV72: =SUMIFS($D$9:$BG$9,$D$7:$BG$7,"5",$D72:$BG72,">"&-1) -> 10 | BW72: =ROUNDUP(IF(BV72,BU72/BV72%,0),2) -> 50 | BX72: =SUMIF($D$7:$BG$7,"6",$D72:$BG72) -> 0 | BY72: =SUMIFS($D$9:$BG$9,$D$7:$BG$7,"6",$D72:$BG72,">"&-1) -> 0 | BZ72: =ROUNDUP(IF(BY72,BX72/BY72%,0),2) -> 0
A73: 23N81A6264 | D73: 5 | F73: 5 | H73: 5 | J73: 0 | K73: 2 | U73: 5 | W73: 3 | X73: 2 | AA73: 5 | AC73: 3 | BA73: 5.5 | BB73: 5.5 | BC73: 5.5 | BD73: 5.5 | BE73: 5.5 | BI73: =SUMIF($D$7:$BG$7,"1",$D73:$BG73) -> 7.5 | BJ73: =SUMIFS($D$9:$BG$9,$D$7:$BG$7,"1",$D73:$BG73,">"&-1) -> 15 | BK73: =ROUNDUP(IF(BJ73,BI73/BJ73%,0),2) -> 50 | BL73: =SUMIF($D$7:$BG$7,"2",$D73:$BG73) -> 20.5 | BM73: =SUMIFS($D$9:$BG$9,$D$7:$BG$7,"2",$D73:$BG73,">"&-1) -> 25 | BN73: =ROUNDUP(IF(BM73,BL73/BM73%,0),2) -> 82 | BO73: =SUMIF($D$7:$BG$7,"3",$D73:$BG73) -> 18.5 | BP73: =SUMIFS($D$9:$BG$9,$D$7:$BG$7,"3",$D73:$BG73,">"&-1) -> 25 | BQ73: =ROUNDUP(IF(BP73,BO73/BP73%,0),2) -> 74 | BR73: =SUMIF($D$7:$BG$7,"4",$D73:$BG73) -> 10.5 | BS73: =SUMIFS($D$9:$BG$9,$D$7:$BG$7,"4",$D73:$BG73,">"&-1) -> 15 | BT73: =ROUNDUP(IF(BS73,BR73/BS73%,0),2) -> 70 | BU73: =SUMIF($D$7:$BG$7,"5",$D73:$BG73) -> 5.5 | BV73: =SUMIFS($D$9:$BG$9,$D$7:$BG$7,"5",$D73:$BG73,">"&-1) -> 10 | BW73: =ROUNDUP(IF(BV73,BU73/BV73%,0),2) -> 55 | BX73: =SUMIF($D$7:$BG$7,"6",$D73:$BG73) -> 0 | BY73: =SUMIFS($D$9:$BG$9,$D$7:$BG$7,"6",$D73:$BG73,">"&-1) -> 0 | BZ73: =ROUNDUP(IF(BY73,BX73/BY73%,0),2) -> 0
A74: 23N81A6266 | D74: 5 | U74: 2 | AA74: 2 | BA74: 1.5 | BB74: 1.5 | BC74: 1.5 | BD74: 1.5 | BE74: 1.5 | BI74: =SUMIF($D$7:$BG$7,"1",$D74:$BG74) -> 1.5 | BJ74: =SUMIFS($D$9:$BG$9,$D$7:$BG$7,"1",$D74:$BG74,">"&-1) -> 10 | BK74: =ROUNDUP(IF(BJ74,BI74/BJ74%,0),2) -> 15 | BL74: =SUMIF($D$7:$BG$7,"2",$D74:$BG74) -> 6.5 | BM74: =SUMIFS($D$9:$BG$9,$D$7:$BG$7,"2",$D74:$BG74,">"&-1) -> 15 | BN74: =ROUNDUP(IF(BM74,BL74/BM74%,0),2) -> 43.34 | BO74: =SUMIF($D$7:$BG$7,"3",$D74:$BG74) -> 3.5 | BP74: =SUMIFS($D$9:$BG$9,$D$7:$BG$7,"3",$D74:$BG74,">"&-1) -> 15 | BQ74: =ROUNDUP(IF(BP74,BO74/BP74%,0),2) -> 23.34 | BR74: =SUMIF($D$7:$BG$7,"4",$D74:$BG74) -> 3.5 | BS74: =SUMIFS($D$9:$BG$9,$D$7:$BG$7,"4",$D74:$BG74,">"&-1) -> 15 | BT74: =ROUNDUP(IF(BS74,BR74/BS74%,0),2) -> 23.34 | BU74: =SUMIF($D$7:$BG$7,"5",$D74:$BG74) -> 1.5 | BV74: =SUMIFS($D$9:$BG$9,$D$7:$BG$7,"5",$D74:$BG74,">"&-1) -> 10 | BW74: =ROUNDUP(IF(BV74,BU74/BV74%,0),2) -> 15 | BX74: =SUMIF($D$7:$BG$7,"6",$D74:$BG74) -> 0 | BY74: =SUMIFS($D$9:$BG$9,$D$7:$BG$7,"6",$D74:$BG74,">"&-1) -> 0 | BZ74: =ROUNDUP(IF(BY74,BX74/BY74%,0),2) -> 0
A75: 23N81A6267 | D75: 3 | F75: 2 | U75: 5 | W75: 3 | X75: 2 | Y75: 4 | AA75: 3 | BA75: 10 | BB75: 10 | BC75: 10 | BD75: 10 | BE75: 10 | BI75: =SUMIF($D$7:$BG$7,"1",$D75:$BG75) -> 10 | BJ75: =SUMIFS($D$9:$BG$9,$D$7:$BG$7,"1",$D75:$BG75,">"&-1) -> 10 | BK75: =ROUNDUP(IF(BJ75,BI75/BJ75%,0),2) -> 100 | BL75: =SUMIF($D$7:$BG$7,"2",$D75:$BG75) -> 18 | BM75: =SUMIFS($D$9:$BG$9,$D$7:$BG$7,"2",$D75:$BG75,">"&-1) -> 20 | BN75: =ROUNDUP(IF(BM75,BL75/BM75%,0),2) -> 90 | BO75: =SUMIF($D$7:$BG$7,"3",$D75:$BG75) -> 21 | BP75: =SUMIFS($D$9:$BG$9,$D$7:$BG$7,"3",$D75:$BG75,">"&-1) -> 25 | BQ75: =ROUNDUP(IF(BP75,BO75/BP75%,0),2) -> 84 | BR75: =SUMIF($D$7:$BG$7,"4",$D75:$BG75) -> 13 | BS75: =SUMIFS($D$9:$BG$9,$D$7:$BG$7,"4",$D75:$BG75,">"&-1) -> 15 | BT75: =ROUNDUP(IF(BS75,BR75/BS75%,0),2) -> 86.67 | BU75: =SUMIF($D$7:$BG$7,"5",$D75:$BG75) -> 10 | BV75: =SUMIFS($D$9:$BG$9,$D$7:$BG$7,"5",$D75:$BG75,">"&-1) -> 10 | BW75: =ROUNDUP(IF(BV75,BU75/BV75%,0),2) -> 100 | BX75: =SUMIF($D$7:$BG$7,"6",$D75:$BG75) -> 0 | BY75: =SUMIFS($D$9:$BG$9,$D$7:$BG$7,"6",$D75:$BG75,">"&-1) -> 0 | BZ75: =ROUNDUP(IF(BY75,BX75/BY75%,0),2) -> 0
A76: 23N81A6268 | F76: 2 | U76: 5 | Y76: 3 | BA76: 5 | BB76: 5 | BC76: 5 | BD76: 5 | BE76: 5 | BI76: =SUMIF($D$7:$BG$7,"1",$D76:$BG76) -> 5 | BJ76: =SUMIFS($D$9:$BG$9,$D$7:$BG$7,"1",$D76:$BG76,">"&-1) -> 10 | BK76: =ROUNDUP(IF(BJ76,BI76/BJ76%,0),2) -> 50 | BL76: =SUMIF($D$7:$BG$7,"2",$D76:$BG76) -> 5 | BM76: =SUMIFS($D$9:$BG$9,$D$7:$BG$7,"2",$D76:$BG76,">"&-1) -> 10 | BN76: =ROUNDUP(IF(BM76,BL76/BM76%,0),2) -> 50 | BO76: =SUMIF($D$7:$BG$7,"3",$D76:$BG76) -> 15 | BP76: =SUMIFS($D$9:$BG$9,$D$7:$BG$7,"3",$D76:$BG76,">"&-1) -> 25 | BQ76: =ROUNDUP(IF(BP76,BO76/BP76%,0),2) -> 60 | BR76: =SUMIF($D$7:$BG$7,"4",$D76:$BG76) -> 5 | BS76: =SUMIFS($D$9:$BG$9,$D$7:$BG$7,"4",$D76:$BG76,">"&-1) -> 10 | BT76: =ROUNDUP(IF(BS76,BR76/BS76%,0),2) -> 50 | BU76: =SUMIF($D$7:$BG$7,"5",$D76:$BG76) -> 5 | BV76: =SUMIFS($D$9:$BG$9,$D$7:$BG$7,"5",$D76:$BG76,">"&-1) -> 10 | BW76: =ROUNDUP(IF(BV76,BU76/BV76%,0),2) -> 50 | BX76: =SUMIF($D$7:$BG$7,"6",$D76:$BG76) -> 0 | BY76: =SUMIFS($D$9:$BG$9,$D$7:$BG$7,"6",$D76:$BG76,">"&-1) -> 0 | BZ76: =ROUNDUP(IF(BY76,BX76/BY76%,0),2) -> 0
A77: 23N81A6269 | D77: 5 | H77: 3 | J77: 2.5 | K77: 2.5 | L77: 2 | M77: 3 | P77: 2 | Q77: 3 | U77: 5 | W77: 3 | X77: 2 | Y77: 1 | AA77: 0 | AC77: 5 | BA77: 10 | BB77: 10 | BC77: 10 | BD77: 10 | BE77: 10 | BI77: =SUMIF($D$7:$BG$7,"1",$D77:$BG77) -> 15 | BJ77: =SUMIFS($D$9:$BG$9,$D$7:$BG$7,"1",$D77:$BG77,">"&-1) -> 15 | BK77: =ROUNDUP(IF(BJ77,BI77/BJ77%,0),2) -> 100 | BL77: =SUMIF($D$7:$BG$7,"2",$D77:$BG77) -> 28 | BM77: =SUMIFS($D$9:$BG$9,$D$7:$BG$7,"2",$D77:$BG77,">"&-1) -> 30 | BN77: =ROUNDUP(IF(BM77,BL77/BM77%,0),2) -> 93.34 | BO77: =SUMIF($D$7:$BG$7,"3",$D77:$BG77) -> 21 | BP77: =SUMIFS($D$9:$BG$9,$D$7:$BG$7,"3",$D77:$BG77,">"&-1) -> 25 | BQ77: =ROUNDUP(IF(BP77,BO77/BP77%,0),2) -> 84 | BR77: =SUMIF($D$7:$BG$7,"4",$D77:$BG77) -> 10 | BS77: =SUMIFS($D$9:$BG$9,$D$7:$BG$7,"4",$D77:$BG77,">"&-1) -> 15 | BT77: =ROUNDUP(IF(BS77,BR77/BS77%,0),2) -> 66.67 | BU77: =SUMIF($D$7:$BG$7,"5",$D77:$BG77) -> 15 | BV77: =SUMIFS($D$9:$BG$9,$D$7:$BG$7,"5",$D77:$BG77,">"&-1) -> 20 | BW77: =ROUNDUP(IF(BV77,BU77/BV77%,0),2) -> 75 | BX77: =SUMIF($D$7:$BG$7,"6",$D77:$BG77) -> 0 | BY77: =SUMIFS($D$9:$BG$9,$D$7:$BG$7,"6",$D77:$BG77,">"&-1) -> 0 | BZ77: =ROUNDUP(IF(BY77,BX77/BY77%,0),2) -> 0
A78: 23N81A6270 | J78: 1 | U78: 3 | W78: 3 | X78: 2 | AA78: 3 | BA78: 2.5 | BB78: 2.5 | BC78: 2.5 | BD78: 2.5 | BE78: 2.5 | BI78: =SUMIF($D$7:$BG$7,"1",$D78:$BG78) -> 3.5 | BJ78: =SUMIFS($D$9:$BG$9,$D$7:$BG$7,"1",$D78:$BG78,">"&-1) -> 12.5 | BK78: =ROUNDUP(IF(BJ78,BI78/BJ78%,0),2) -> 28 | BL78: =SUMIF($D$7:$BG$7,"2",$D78:$BG78) -> 7.5 | BM78: =SUMIFS($D$9:$BG$9,$D$7:$BG$7,"2",$D78:$BG78,">"&-1) -> 15 | BN78: =ROUNDUP(IF(BM78,BL78/BM78%,0),2) -> 50 | BO78: =SUMIF($D$7:$BG$7,"3",$D78:$BG78) -> 5.5 | BP78: =SUMIFS($D$9:$BG$9,$D$7:$BG$7,"3",$D78:$BG78,">"&-1) -> 15 | BQ78: =ROUNDUP(IF(BP78,BO78/BP78%,0),2) -> 36.67 | BR78: =SUMIF($D$7:$BG$7,"4",$D78:$BG78) -> 5.5 | BS78: =SUMIFS($D$9:$BG$9,$D$7:$BG$7,"4",$D78:$BG78,">"&-1) -> 15 | BT78: =ROUNDUP(IF(BS78,BR78/BS78%,0),2) -> 36.67 | BU78: =SUMIF($D$7:$BG$7,"5",$D78:$BG78) -> 2.5 | BV78: =SUMIFS($D$9:$BG$9,$D$7:$BG$7,"5",$D78:$BG78,">"&-1) -> 10 | BW78: =ROUNDUP(IF(BV78,BU78/BV78%,0),2) -> 25 | BX78: =SUMIF($D$7:$BG$7,"6",$D78:$BG78) -> 0 | BY78: =SUMIFS($D$9:$BG$9,$D$7:$BG$7,"6",$D78:$BG78,">"&-1) -> 0 | BZ78: =ROUNDUP(IF(BY78,BX78/BY78%,0),2) -> 0
A79: 23N81A6271 | D79: 5 | J79: 2 | K79: 2 | U79: 5 | W79: 3 | X79: 2 | AA79: 5 | BA79: 10 | BB79: 10 | BC79: 10 | BD79: 10 | BE79: 10 | BI79: =SUMIF($D$7:$BG$7,"1",$D79:$BG79) -> 14 | BJ79: =SUMIFS($D$9:$BG$9,$D$7:$BG$7,"1",$D79:$BG79,">"&-1) -> 15 | BK79: =ROUNDUP(IF(BJ79,BI79/BJ79%,0),2) -> 93.34 | BL79: =SUMIF($D$7:$BG$7,"2",$D79:$BG79) -> 20 | BM79: =SUMIFS($D$9:$BG$9,$D$7:$BG$7,"2",$D79:$BG79,">"&-1) -> 20 | BN79: =ROUNDUP(IF(BM79,BL79/BM79%,0),2) -> 100 | BO79: =SUMIF($D$7:$BG$7,"3",$D79:$BG79) -> 15 | BP79: =SUMIFS($D$9:$BG$9,$D$7:$BG$7,"3",$D79:$BG79,">"&-1) -> 15 | BQ79: =ROUNDUP(IF(BP79,BO79/BP79%,0),2) -> 100 | BR79: =SUMIF($D$7:$BG$7,"4",$D79:$BG79) -> 15 | BS79: =SUMIFS($D$9:$BG$9,$D$7:$BG$7,"4",$D79:$BG79,">"&-1) -> 15 | BT79: =ROUNDUP(IF(BS79,BR79/BS79%,0),2) -> 100 | BU79: =SUMIF($D$7:$BG$7,"5",$D79:$BG79) -> 10 | BV79: =SUMIFS($D$9:$BG$9,$D$7:$BG$7,"5",$D79:$BG79,">"&-1) -> 10 | BW79: =ROUNDUP(IF(BV79,BU79/BV79%,0),2) -> 100 | BX79: =SUMIF($D$7:$BG$7,"6",$D79:$BG79) -> 0 | BY79: =SUMIFS($D$9:$BG$9,$D$7:$BG$7,"6",$D79:$BG79,">"&-1) -> 0 | BZ79: =ROUNDUP(IF(BY79,BX79/BY79%,0),2) -> 0
A80: 23N81A6272 | D80: 5 | F80: 5 | J80: 2.5 | K80: 2.5 | L80: 1 | M80: 2 | P80: 1 | Q80: 2 | U80: 5 | W80: 3 | X80: 2 | Y80: 5 | AA80: 5 | AC80: 2 | BA80: 10 | BB80: 10 | BC80: 10 | BD80: 10 | BE80: 10 | BI80: =SUMIF($D$7:$BG$7,"1",$D80:$BG80) -> 15 | BJ80: =SUMIFS($D$9:$BG$9,$D$7:$BG$7,"1",$D80:$BG80,">"&-1) -> 15 | BK80: =ROUNDUP(IF(BJ80,BI80/BJ80%,0),2) -> 100 | BL80: =SUMIF($D$7:$BG$7,"2",$D80:$BG80) -> 23 | BM80: =SUMIFS($D$9:$BG$9,$D$7:$BG$7,"2",$D80:$BG80,">"&-1) -> 25 | BN80: =ROUNDUP(IF(BM80,BL80/BM80%,0),2) -> 92 | BO80: =SUMIF($D$7:$BG$7,"3",$D80:$BG80) -> 27 | BP80: =SUMIFS($D$9:$BG$9,$D$7:$BG$7,"3",$D80:$BG80,">"&-1) -> 30 | BQ80: =ROUNDUP(IF(BP80,BO80/BP80%,0),2) -> 90 | BR80: =SUMIF($D$7:$BG$7,"4",$D80:$BG80) -> 15 | BS80: =SUMIFS($D$9:$BG$9,$D$7:$BG$7,"4",$D80:$BG80,">"&-1) -> 15 | BT80: =ROUNDUP(IF(BS80,BR80/BS80%,0),2) -> 100 | BU80: =SUMIF($D$7:$BG$7,"5",$D80:$BG80) -> 13 | BV80: =SUMIFS($D$9:$BG$9,$D$7:$BG$7,"5",$D80:$BG80,">"&-1) -> 20 | BW80: =ROUNDUP(IF(BV80,BU80/BV80%,0),2) -> 65 | BX80: =SUMIF($D$7:$BG$7,"6",$D80:$BG80) -> 0 | BY80: =SUMIFS($D$9:$BG$9,$D$7:$BG$7,"6",$D80:$BG80,">"&-1) -> 0 | BZ80: =ROUNDUP(IF(BY80,BX80/BY80%,0),2) -> 0
A81: 23N81A6273 | D81: 2 | F81: 1 | U81: 5 | W81: 2 | X81: 1 | BA81: 3 | BB81: 3 | BC81: 3 | BD81: 3 | BE81: 3 | BI81: =SUMIF($D$7:$BG$7,"1",$D81:$BG81) -> 3 | BJ81: =SUMIFS($D$9:$BG$9,$D$7:$BG$7,"1",$D81:$BG81,">"&-1) -> 10 | BK81: =ROUNDUP(IF(BJ81,BI81/BJ81%,0),2) -> 30 | BL81: =SUMIF($D$7:$BG$7,"2",$D81:$BG81) -> 8 | BM81: =SUMIFS($D$9:$BG$9,$D$7:$BG$7,"2",$D81:$BG81,">"&-1) -> 20 | BN81: =ROUNDUP(IF(BM81,BL81/BM81%,0),2) -> 40 | BO81: =SUMIF($D$7:$BG$7,"3",$D81:$BG81) -> 9 | BP81: =SUMIFS($D$9:$BG$9,$D$7:$BG$7,"3",$D81:$BG81,">"&-1) -> 20 | BQ81: =ROUNDUP(IF(BP81,BO81/BP81%,0),2) -> 45 | BR81: =SUMIF($D$7:$BG$7,"4",$D81:$BG81) -> 3 | BS81: =SUMIFS($D$9:$BG$9,$D$7:$BG$7,"4",$D81:$BG81,">"&-1) -> 10 | BT81: =ROUNDUP(IF(BS81,BR81/BS81%,0),2) -> 30 | BU81: =SUMIF($D$7:$BG$7,"5",$D81:$BG81) -> 3 | BV81: =SUMIFS($D$9:$BG$9,$D$7:$BG$7,"5",$D81:$BG81,">"&-1) -> 10 | BW81: =ROUNDUP(IF(BV81,BU81/BV81%,0),2) -> 30 | BX81: =SUMIF($D$7:$BG$7,"6",$D81:$BG81) -> 0 | BY81: =SUMIFS($D$9:$BG$9,$D$7:$BG$7,"6",$D81:$BG81,">"&-1) -> 0 | BZ81: =ROUNDUP(IF(BY81,BX81/BY81%,0),2) -> 0
A82: 23N81A6274 | D82: 5 | H82: 5 | J82: 2.5 | K82: 2.5 | L82: 2 | M82: 2 | P82: 2 | Q82: 2 | U82: 5 | W82: 3 | X82: 2 | Y82: 4 | AA82: 5 | AC82: 5 | BA82: 10 | BB82: 10 | BC82: 10 | BD82: 10 | BE82: 10 | BI82: =SUMIF($D$7:$BG$7,"1",$D82:$BG82) -> 15 | BJ82: =SUMIFS($D$9:$BG$9,$D$7:$BG$7,"1",$D82:$BG82,">"&-1) -> 15 | BK82: =ROUNDUP(IF(BJ82,BI82/BJ82%,0),2) -> 100 | BL82: =SUMIF($D$7:$BG$7,"2",$D82:$BG82) -> 29 | BM82: =SUMIFS($D$9:$BG$9,$D$7:$BG$7,"2",$D82:$BG82,">"&-1) -> 30 | BN82: =ROUNDUP(IF(BM82,BL82/BM82%,0),2) -> 96.67 | BO82: =SUMIF($D$7:$BG$7,"3",$D82:$BG82) -> 24 | BP82: =SUMIFS($D$9:$BG$9,$D$7:$BG$7,"3",$D82:$BG82,">"&-1) -> 25 | BQ82: =ROUNDUP(IF(BP82,BO82/BP82%,0),2) -> 96 | BR82: =SUMIF($D$7:$BG$7,"4",$D82:$BG82) -> 15 | BS82: =SUMIFS($D$9:$BG$9,$D$7:$BG$7,"4",$D82:$BG82,">"&-1) -> 15 | BT82: =ROUNDUP(IF(BS82,BR82/BS82%,0),2) -> 100 | BU82: =SUMIF($D$7:$BG$7,"5",$D82:$BG82) -> 14 | BV82: =SUMIFS($D$9:$BG$9,$D$7:$BG$7,"5",$D82:$BG82,">"&-1) -> 20 | BW82: =ROUNDUP(IF(BV82,BU82/BV82%,0),2) -> 70 | BX82: =SUMIF($D$7:$BG$7,"6",$D82:$BG82) -> 0 | BY82: =SUMIFS($D$9:$BG$9,$D$7:$BG$7,"6",$D82:$BG82,">"&-1) -> 0 | BZ82: =ROUNDUP(IF(BY82,BX82/BY82%,0),2) -> 0
A83: 23N81A6275 | D83: 5 | F83: 2 | J83: 2.5 | K83: 2.5 | L83: 1 | M83: 1 | P83: 1 | Q83: 1 | U83: 5 | W83: 3 | X83: 2 | Y83: 5 | AA83: 3 | AC83: 3 | BA83: 10 | BB83: 10 | BC83: 10 | BD83: 10 | BE83: 10 | BI83: =SUMIF($D$7:$BG$7,"1",$D83:$BG83) -> 15 | BJ83: =SUMIFS($D$9:$BG$9,$D$7:$BG$7,"1",$D83:$BG83,">"&-1) -> 15 | BK83: =ROUNDUP(IF(BJ83,BI83/BJ83%,0),2) -> 100 | BL83: =SUMIF($D$7:$BG$7,"2",$D83:$BG83) -> 22 | BM83: =SUMIFS($D$9:$BG$9,$D$7:$BG$7,"2",$D83:$BG83,">"&-1) -> 25 | BN83: =ROUNDUP(IF(BM83,BL83/BM83%,0),2) -> 88 | BO83: =SUMIF($D$7:$BG$7,"3",$D83:$BG83) -> 25 | BP83: =SUMIFS($D$9:$BG$9,$D$7:$BG$7,"3",$D83:$BG83,">"&-1) -> 30 | BQ83: =ROUNDUP(IF(BP83,BO83/BP83%,0),2) -> 83.34 | BR83: =SUMIF($D$7:$BG$7,"4",$D83:$BG83) -> 13 | BS83: =SUMIFS($D$9:$BG$9,$D$7:$BG$7,"4",$D83:$BG83,">"&-1) -> 15 | BT83: =ROUNDUP(IF(BS83,BR83/BS83%,0),2) -> 86.67 | BU83: =SUMIF($D$7:$BG$7,"5",$D83:$BG83) -> 12 | BV83: =SUMIFS($D$9:$BG$9,$D$7:$BG$7,"5",$D83:$BG83,">"&-1) -> 20 | BW83: =ROUNDUP(IF(BV83,BU83/BV83%,0),2) -> 60 | BX83: =SUMIF($D$7:$BG$7,"6",$D83:$BG83) -> 0 | BY83: =SUMIFS($D$9:$BG$9,$D$7:$BG$7,"6",$D83:$BG83,">"&-1) -> 0 | BZ83: =ROUNDUP(IF(BY83,BX83/BY83%,0),2) -> 0
A84: 23N81A6277 | D84: 3 | L84: 2 | N84: 2 | P84: 2 | U84: 5 | W84: 3 | X84: 2 | Y84: 5 | AA84: 5 | AC84: 5 | AE84: 1 | BA84: 6.5 | BB84: 6.5 | BC84: 6.5 | BD84: 6.5 | BE84: 6.5 | BI84: =SUMIF($D$7:$BG$7,"1",$D84:$BG84) -> 6.5 | BJ84: =SUMIFS($D$9:$BG$9,$D$7:$BG$7,"1",$D84:$BG84,">"&-1) -> 10 | BK84: =ROUNDUP(IF(BJ84,BI84/BJ84%,0),2) -> 65 | BL84: =SUMIF($D$7:$BG$7,"2",$D84:$BG84) -> 16.5 | BM84: =SUMIFS($D$9:$BG$9,$D$7:$BG$7,"2",$D84:$BG84,">"&-1) -> 23 | BN84: =ROUNDUP(IF(BM84,BL84/BM84%,0),2) -> 71.74 | BO84: =SUMIF($D$7:$BG$7,"3",$D84:$BG84) -> 24.5 | BP84: =SUMIFS($D$9:$BG$9,$D$7:$BG$7,"3",$D84:$BG84,">"&-1) -> 35 | BQ84: =ROUNDUP(IF(BP84,BO84/BP84%,0),2) -> 70 | BR84: =SUMIF($D$7:$BG$7,"4",$D84:$BG84) -> 11.5 | BS84: =SUMIFS($D$9:$BG$9,$D$7:$BG$7,"4",$D84:$BG84,">"&-1) -> 15 | BT84: =ROUNDUP(IF(BS84,BR84/BS84%,0),2) -> 76.67 | BU84: =SUMIF($D$7:$BG$7,"5",$D84:$BG84) -> 8.5 | BV84: =SUMIFS($D$9:$BG$9,$D$7:$BG$7,"5",$D84:$BG84,">"&-1) -> 15 | BW84: =ROUNDUP(IF(BV84,BU84/BV84%,0),2) -> 56.67 | BX84: =SUMIF($D$7:$BG$7,"6",$D84:$BG84) -> 0 | BY84: =SUMIFS($D$9:$BG$9,$D$7:$BG$7,"6",$D84:$BG84,">"&-1) -> 0 | BZ84: =ROUNDUP(IF(BY84,BX84/BY84%,0),2) -> 0
A85: 23N81A6278 | D85: 5 | F85: 5 | H85: 5 | J85: 1 | U85: 5 | W85: 3 | X85: 2 | Y85: 5 | AA85: 4 | AC85: 5 | BA85: 9 | BB85: 9 | BC85: 9 | BD85: 9 | BE85: 9 | BI85: =SUMIF($D$7:$BG$7,"1",$D85:$BG85) -> 10 | BJ85: =SUMIFS($D$9:$BG$9,$D$7:$BG$7,"1",$D85:$BG85,">"&-1) -> 12.5 | BK85: =ROUNDUP(IF(BJ85,BI85/BJ85%,0),2) -> 80 | BL85: =SUMIF($D$7:$BG$7,"2",$D85:$BG85) -> 24 | BM85: =SUMIFS($D$9:$BG$9,$D$7:$BG$7,"2",$D85:$BG85,">"&-1) -> 25 | BN85: =ROUNDUP(IF(BM85,BL85/BM85%,0),2) -> 96 | BO85: =SUMIF($D$7:$BG$7,"3",$D85:$BG85) -> 29 | BP85: =SUMIFS($D$9:$BG$9,$D$7:$BG$7,"3",$D85:$BG85,">"&-1) -> 30 | BQ85: =ROUNDUP(IF(BP85,BO85/BP85%,0),2) -> 96.67 | BR85: =SUMIF($D$7:$BG$7,"4",$D85:$BG85) -> 13 | BS85: =SUMIFS($D$9:$BG$9,$D$7:$BG$7,"4",$D85:$BG85,">"&-1) -> 15 | BT85: =ROUNDUP(IF(BS85,BR85/BS85%,0),2) -> 86.67 | BU85: =SUMIF($D$7:$BG$7,"5",$D85:$BG85) -> 9 | BV85: =SUMIFS($D$9:$BG$9,$D$7:$BG$7,"5",$D85:$BG85,">"&-1) -> 10 | BW85: =ROUNDUP(IF(BV85,BU85/BV85%,0),2) -> 90 | BX85: =SUMIF($D$7:$BG$7,"6",$D85:$BG85) -> 0 | BY85: =SUMIFS($D$9:$BG$9,$D$7:$BG$7,"6",$D85:$BG85,">"&-1) -> 0 | BZ85: =ROUNDUP(IF(BY85,BX85/BY85%,0),2) -> 0
A86: 23N81A6279 | D86: 4 | K86: 1 | L86: 2 | P86: 2 | U86: 5 | W86: 3 | X86: 2 | Y86: 5 | AA86: 5 | AC86: 4 | AE86: 2 | BA86: 10 | BB86: 10 | BC86: 10 | BD86: 10 | BE86: 10 | BI86: =SUMIF($D$7:$BG$7,"1",$D86:$BG86) -> 11 | BJ86: =SUMIFS($D$9:$BG$9,$D$7:$BG$7,"1",$D86:$BG86,">"&-1) -> 12.5 | BK86: =ROUNDUP(IF(BJ86,BI86/BJ86%,0),2) -> 88 | BL86: =SUMIF($D$7:$BG$7,"2",$D86:$BG86) -> 21 | BM86: =SUMIFS($D$9:$BG$9,$D$7:$BG$7,"2",$D86:$BG86,">"&-1) -> 23 | BN86: =ROUNDUP(IF(BM86,BL86/BM86%,0),2) -> 91.31 | BO86: =SUMIF($D$7:$BG$7,"3",$D86:$BG86) -> 26 | BP86: =SUMIFS($D$9:$BG$9,$D$7:$BG$7,"3",$D86:$BG86,">"&-1) -> 30 | BQ86: =ROUNDUP(IF(BP86,BO86/BP86%,0),2) -> 86.67 | BR86: =SUMIF($D$7:$BG$7,"4",$D86:$BG86) -> 15 | BS86: =SUMIFS($D$9:$BG$9,$D$7:$BG$7,"4",$D86:$BG86,">"&-1) -> 15 | BT86: =ROUNDUP(IF(BS86,BR86/BS86%,0),2) -> 100 | BU86: =SUMIF($D$7:$BG$7,"5",$D86:$BG86) -> 12 | BV86: =SUMIFS($D$9:$BG$9,$D$7:$BG$7,"5",$D86:$BG86,">"&-1) -> 15 | BW86: =ROUNDUP(IF(BV86,BU86/BV86%,0),2) -> 80 | BX86: =SUMIF($D$7:$BG$7,"6",$D86:$BG86) -> 0 | BY86: =SUMIFS($D$9:$BG$9,$D$7:$BG$7,"6",$D86:$BG86,">"&-1) -> 0 | BZ86: =ROUNDUP(IF(BY86,BX86/BY86%,0),2) -> 0
A87: 23N81A6280 | D87: 5 | J87: 2.5 | K87: 2.5 | M87: 2 | Q87: 2 | U87: 5 | W87: 3 | X87: 2 | AA87: 3 | AC87: 5 | BA87: 10 | BB87: 10 | BC87: 10 | BD87: 10 | BE87: 10 | BI87: =SUMIF($D$7:$BG$7,"1",$D87:$BG87) -> 15 | BJ87: =SUMIFS($D$9:$BG$9,$D$7:$BG$7,"1",$D87:$BG87,">"&-1) -> 15 | BK87: =ROUNDUP(IF(BJ87,BI87/BJ87%,0),2) -> 100 | BL87: =SUMIF($D$7:$BG$7,"2",$D87:$BG87) -> 22 | BM87: =SUMIFS($D$9:$BG$9,$D$7:$BG$7,"2",$D87:$BG87,">"&-1) -> 22 | BN87: =ROUNDUP(IF(BM87,BL87/BM87%,0),2) -> 100 | BO87: =SUMIF($D$7:$BG$7,"3",$D87:$BG87) -> 20 | BP87: =SUMIFS($D$9:$BG$9,$D$7:$BG$7,"3",$D87:$BG87,">"&-1) -> 20 | BQ87: =ROUNDUP(IF(BP87,BO87/BP87%,0),2) -> 100 | BR87: =SUMIF($D$7:$BG$7,"4",$D87:$BG87) -> 13 | BS87: =SUMIFS($D$9:$BG$9,$D$7:$BG$7,"4",$D87:$BG87,">"&-1) -> 15 | BT87: =ROUNDUP(IF(BS87,BR87/BS87%,0),2) -> 86.67 | BU87: =SUMIF($D$7:$BG$7,"5",$D87:$BG87) -> 12 | BV87: =SUMIFS($D$9:$BG$9,$D$7:$BG$7,"5",$D87:$BG87,">"&-1) -> 15 | BW87: =ROUNDUP(IF(BV87,BU87/BV87%,0),2) -> 80 | BX87: =SUMIF($D$7:$BG$7,"6",$D87:$BG87) -> 0 | BY87: =SUMIFS($D$9:$BG$9,$D$7:$BG$7,"6",$D87:$BG87,">"&-1) -> 0 | BZ87: =ROUNDUP(IF(BY87,BX87/BY87%,0),2) -> 0
A88: 23N81A6281 | BA88: 0 | BB88: 0 | BC88: 0 | BD88: 0 | BE88: 0 | BI88: =SUMIF($D$7:$BG$7,"1",$D88:$BG88) -> 0 | BJ88: =SUMIFS($D$9:$BG$9,$D$7:$BG$7,"1",$D88:$BG88,">"&-1) -> 10 | BK88: =ROUNDUP(IF(BJ88,BI88/BJ88%,0),2) -> 0 | BL88: =SUMIF($D$7:$BG$7,"2",$D88:$BG88) -> 0 | BM88: =SUMIFS($D$9:$BG$9,$D$7:$BG$7,"2",$D88:$BG88,">"&-1) -> 10 | BN88: =ROUNDUP(IF(BM88,BL88/BM88%,0),2) -> 0 | BO88: =SUMIF($D$7:$BG$7,"3",$D88:$BG88) -> 0 | BP88: =SUMIFS($D$9:$BG$9,$D$7:$BG$7,"3",$D88:$BG88,">"&-1) -> 10 | BQ88: =ROUNDUP(IF(BP88,BO88/BP88%,0),2) -> 0 | BR88: =SUMIF($D$7:$BG$7,"4",$D88:$BG88) -> 0 | BS88: =SUMIFS($D$9:$BG$9,$D$7:$BG$7,"4",$D88:$BG88,">"&-1) -> 10 | BT88: =ROUNDUP(IF(BS88,BR88/BS88%,0),2) -> 0 | BU88: =SUMIF($D$7:$BG$7,"5",$D88:$BG88) -> 0 | BV88: =SUMIFS($D$9:$BG$9,$D$7:$BG$7,"5",$D88:$BG88,">"&-1) -> 10 | BW88: =ROUNDUP(IF(BV88,BU88/BV88%,0),2) -> 0 | BX88: =SUMIF($D$7:$BG$7,"6",$D88:$BG88) -> 0 | BY88: =SUMIFS($D$9:$BG$9,$D$7:$BG$7,"6",$D88:$BG88,">"&-1) -> 0 | BZ88: =ROUNDUP(IF(BY88,BX88/BY88%,0),2) -> 0
A89: 23N81A6282 | L89: 1 | P89: 1 | U89: 5 | W89: 3 | X89: 2 | Y89: 1 | AA89: 1 | AE89: 0 | BA89: 2.5 | BB89: 2.5 | BC89: 2.5 | BD89: 2.5 | BE89: 2.5 | BI89: =SUMIF($D$7:$BG$7,"1",$D89:$BG89) -> 2.5 | BJ89: =SUMIFS($D$9:$BG$9,$D$7:$BG$7,"1",$D89:$BG89,">"&-1) -> 10 | BK89: =ROUNDUP(IF(BJ89,BI89/BJ89%,0),2) -> 25 | BL89: =SUMIF($D$7:$BG$7,"2",$D89:$BG89) -> 8.5 | BM89: =SUMIFS($D$9:$BG$9,$D$7:$BG$7,"2",$D89:$BG89,">"&-1) -> 18 | BN89: =ROUNDUP(IF(BM89,BL89/BM89%,0),2) -> 47.23 | BO89: =SUMIF($D$7:$BG$7,"3",$D89:$BG89) -> 8.5 | BP89: =SUMIFS($D$9:$BG$9,$D$7:$BG$7,"3",$D89:$BG89,">"&-1) -> 25 | BQ89: =ROUNDUP(IF(BP89,BO89/BP89%,0),2) -> 34 | BR89: =SUMIF($D$7:$BG$7,"4",$D89:$BG89) -> 3.5 | BS89: =SUMIFS($D$9:$BG$9,$D$7:$BG$7,"4",$D89:$BG89,">"&-1) -> 15 | BT89: =ROUNDUP(IF(BS89,BR89/BS89%,0),2) -> 23.34 | BU89: =SUMIF($D$7:$BG$7,"5",$D89:$BG89) -> 3.5 | BV89: =SUMIFS($D$9:$BG$9,$D$7:$BG$7,"5",$D89:$BG89,">"&-1) -> 15 | BW89: =ROUNDUP(IF(BV89,BU89/BV89%,0),2) -> 23.34 | BX89: =SUMIF($D$7:$BG$7,"6",$D89:$BG89) -> 0 | BY89: =SUMIFS($D$9:$BG$9,$D$7:$BG$7,"6",$D89:$BG89,">"&-1) -> 0 | BZ89: =ROUNDUP(IF(BY89,BX89/BY89%,0),2) -> 0
A90: 23N81A6283 | D90: 5 | F90: 3 | H90: 5 | M90: 1 | Q90: 1 | U90: 5 | W90: 3 | X90: 2 | Y90: 5 | AA90: 5 | AC90: 3 | BA90: 10 | BB90: 10 | BC90: 10 | BD90: 10 | BE90: 10 | BI90: =SUMIF($D$7:$BG$7,"1",$D90:$BG90) -> 10 | BJ90: =SUMIFS($D$9:$BG$9,$D$7:$BG$7,"1",$D90:$BG90,">"&-1) -> 10 | BK90: =ROUNDUP(IF(BJ90,BI90/BJ90%,0),2) -> 100 | BL90: =SUMIF($D$7:$BG$7,"2",$D90:$BG90) -> 26 | BM90: =SUMIFS($D$9:$BG$9,$D$7:$BG$7,"2",$D90:$BG90,">"&-1) -> 27 | BN90: =ROUNDUP(IF(BM90,BL90/BM90%,0),2) -> 96.3 | BO90: =SUMIF($D$7:$BG$7,"3",$D90:$BG90) -> 26 | BP90: =SUMIFS($D$9:$BG$9,$D$7:$BG$7,"3",$D90:$BG90,">"&-1) -> 30 | BQ90: =ROUNDUP(IF(BP90,BO90/BP90%,0),2) -> 86.67 | BR90: =SUMIF($D$7:$BG$7,"4",$D90:$BG90) -> 15 | BS90: =SUMIFS($D$9:$BG$9,$D$7:$BG$7,"4",$D90:$BG90,">"&-1) -> 15 | BT90: =ROUNDUP(IF(BS90,BR90/BS90%,0),2) -> 100 | BU90: =SUMIF($D$7:$BG$7,"5",$D90:$BG90) -> 11 | BV90: =SUMIFS($D$9:$BG$9,$D$7:$BG$7,"5",$D90:$BG90,">"&-1) -> 15 | BW90: =ROUNDUP(IF(BV90,BU90/BV90%,0),2) -> 73.34 | BX90: =SUMIF($D$7:$BG$7,"6",$D90:$BG90) -> 0 | BY90: =SUMIFS($D$9:$BG$9,$D$7:$BG$7,"6",$D90:$BG90,">"&-1) -> 0 | BZ90: =ROUNDUP(IF(BY90,BX90/BY90%,0),2) -> 0
A91: 23N81A6284 | U91: 5 | W91: 2 | X91: 2 | AC91: 4 | BA91: 2.5 | BB91: 2.5 | BC91: 2.5 | BD91: 2.5 | BE91: 2.5 | BI91: =SUMIF($D$7:$BG$7,"1",$D91:$BG91) -> 2.5 | BJ91: =SUMIFS($D$9:$BG$9,$D$7:$BG$7,"1",$D91:$BG91,">"&-1) -> 10 | BK91: =ROUNDUP(IF(BJ91,BI91/BJ91%,0),2) -> 25 | BL91: =SUMIF($D$7:$BG$7,"2",$D91:$BG91) -> 6.5 | BM91: =SUMIFS($D$9:$BG$9,$D$7:$BG$7,"2",$D91:$BG91,">"&-1) -> 15 | BN91: =ROUNDUP(IF(BM91,BL91/BM91%,0),2) -> 43.34 | BO91: =SUMIF($D$7:$BG$7,"3",$D91:$BG91) -> 11.5 | BP91: =SUMIFS($D$9:$BG$9,$D$7:$BG$7,"3",$D91:$BG91,">"&-1) -> 20 | BQ91: =ROUNDUP(IF(BP91,BO91/BP91%,0),2) -> 57.5 | BR91: =SUMIF($D$7:$BG$7,"4",$D91:$BG91) -> 2.5 | BS91: =SUMIFS($D$9:$BG$9,$D$7:$BG$7,"4",$D91:$BG91,">"&-1) -> 10 | BT91: =ROUNDUP(IF(BS91,BR91/BS91%,0),2) -> 25 | BU91: =SUMIF($D$7:$BG$7,"5",$D91:$BG91) -> 2.5 | BV91: =SUMIFS($D$9:$BG$9,$D$7:$BG$7,"5",$D91:$BG91,">"&-1) -> 10 | BW91: =ROUNDUP(IF(BV91,BU91/BV91%,0),2) -> 25 | BX91: =SUMIF($D$7:$BG$7,"6",$D91:$BG91) -> 0 | BY91: =SUMIFS($D$9:$BG$9,$D$7:$BG$7,"6",$D91:$BG91,">"&-1) -> 0 | BZ91: =ROUNDUP(IF(BY91,BX91/BY91%,0),2) -> 0
A92: 23N81A6285 | J92: 1 | W92: 3 | X92: 2 | Y92: 2 | AA92: 3 | BA92: 2 | BB92: 2 | BC92: 2 | BD92: 2 | BE92: 2 | BI92: =SUMIF($D$7:$BG$7,"1",$D92:$BG92) -> 3 | BJ92: =SUMIFS($D$9:$BG$9,$D$7:$BG$7,"1",$D92:$BG92,">"&-1) -> 12.5 | BK92: =ROUNDUP(IF(BJ92,BI92/BJ92%,0),2) -> 24 | BL92: =SUMIF($D$7:$BG$7,"2",$D92:$BG92) -> 7 | BM92: =SUMIFS($D$9:$BG$9,$D$7:$BG$7,"2",$D92:$BG92,">"&-1) -> 15 | BN92: =ROUNDUP(IF(BM92,BL92/BM92%,0),2) -> 46.67 | BO92: =SUMIF($D$7:$BG$7,"3",$D92:$BG92) -> 4 | BP92: =SUMIFS($D$9:$BG$9,$D$7:$BG$7,"3",$D92:$BG92,">"&-1) -> 15 | BQ92: =ROUNDUP(IF(BP92,BO92/BP92%,0),2) -> 26.67 | BR92: =SUMIF($D$7:$BG$7,"4",$D92:$BG92) -> 5 | BS92: =SUMIFS($D$9:$BG$9,$D$7:$BG$7,"4",$D92:$BG92,">"&-1) -> 15 | BT92: =ROUNDUP(IF(BS92,BR92/BS92%,0),2) -> 33.34 | BU92: =SUMIF($D$7:$BG$7,"5",$D92:$BG92) -> 2 | BV92: =SUMIFS($D$9:$BG$9,$D$7:$BG$7,"5",$D92:$BG92,">"&-1) -> 10 | BW92: =ROUNDUP(IF(BV92,BU92/BV92%,0),2) -> 20 | BX92: =SUMIF($D$7:$BG$7,"6",$D92:$BG92) -> 0 | BY92: =SUMIFS($D$9:$BG$9,$D$7:$BG$7,"6",$D92:$BG92,">"&-1) -> 0 | BZ92: =ROUNDUP(IF(BY92,BX92/BY92%,0),2) -> 0
A93: 23N81A6286 | D93: 4 | U93: 5 | W93: 3 | X93: 2 | AA93: 5 | AC93: 3 | BA93: 10 | BB93: 10 | BC93: 10 | BD93: 10 | BE93: 10 | BI93: =SUMIF($D$7:$BG$7,"1",$D93:$BG93) -> 10 | BJ93: =SUMIFS($D$9:$BG$9,$D$7:$BG$7,"1",$D93:$BG93,">"&-1) -> 10 | BK93: =ROUNDUP(IF(BJ93,BI93/BJ93%,0),2) -> 100 | BL93: =SUMIF($D$7:$BG$7,"2",$D93:$BG93) -> 19 | BM93: =SUMIFS($D$9:$BG$9,$D$7:$BG$7,"2",$D93:$BG93,">"&-1) -> 20 | BN93: =ROUNDUP(IF(BM93,BL93/BM93%,0),2) -> 95 | BO93: =SUMIF($D$7:$BG$7,"3",$D93:$BG93) -> 18 | BP93: =SUMIFS($D$9:$BG$9,$D$7:$BG$7,"3",$D93:$BG93,">"&-1) -> 20 | BQ93: =ROUNDUP(IF(BP93,BO93/BP93%,0),2) -> 90 | BR93: =SUMIF($D$7:$BG$7,"4",$D93:$BG93) -> 15 | BS93: =SUMIFS($D$9:$BG$9,$D$7:$BG$7,"4",$D93:$BG93,">"&-1) -> 15 | BT93: =ROUNDUP(IF(BS93,BR93/BS93%,0),2) -> 100 | BU93: =SUMIF($D$7:$BG$7,"5",$D93:$BG93) -> 10 | BV93: =SUMIFS($D$9:$BG$9,$D$7:$BG$7,"5",$D93:$BG93,">"&-1) -> 10 | BW93: =ROUNDUP(IF(BV93,BU93/BV93%,0),2) -> 100 | BX93: =SUMIF($D$7:$BG$7,"6",$D93:$BG93) -> 0 | BY93: =SUMIFS($D$9:$BG$9,$D$7:$BG$7,"6",$D93:$BG93,">"&-1) -> 0 | BZ93: =ROUNDUP(IF(BY93,BX93/BY93%,0),2) -> 0
A94: 23N81A6287 | D94: 5 | U94: 5 | W94: 3 | Y94: 1 | AA94: 2 | BA94: 4.5 | BB94: 4.5 | BC94: 4.5 | BD94: 4.5 | BE94: 4.5 | BI94: =SUMIF($D$7:$BG$7,"1",$D94:$BG94) -> 4.5 | BJ94: =SUMIFS($D$9:$BG$9,$D$7:$BG$7,"1",$D94:$BG94,">"&-1) -> 10 | BK94: =ROUNDUP(IF(BJ94,BI94/BJ94%,0),2) -> 45 | BL94: =SUMIF($D$7:$BG$7,"2",$D94:$BG94) -> 12.5 | BM94: =SUMIFS($D$9:$BG$9,$D$7:$BG$7,"2",$D94:$BG94,">"&-1) -> 18 | BN94: =ROUNDUP(IF(BM94,BL94/BM94%,0),2) -> 69.45 | BO94: =SUMIF($D$7:$BG$7,"3",$D94:$BG94) -> 10.5 | BP94: =SUMIFS($D$9:$BG$9,$D$7:$BG$7,"3",$D94:$BG94,">"&-1) -> 20 | BQ94: =ROUNDUP(IF(BP94,BO94/BP94%,0),2) -> 52.5 | BR94: =SUMIF($D$7:$BG$7,"4",$D94:$BG94) -> 6.5 | BS94: =SUMIFS($D$9:$BG$9,$D$7:$BG$7,"4",$D94:$BG94,">"&-1) -> 15 | BT94: =ROUNDUP(IF(BS94,BR94/BS94%,0),2) -> 43.34 | BU94: =SUMIF($D$7:$BG$7,"5",$D94:$BG94) -> 4.5 | BV94: =SUMIFS($D$9:$BG$9,$D$7:$BG$7,"5",$D94:$BG94,">"&-1) -> 10 | BW94: =ROUNDUP(IF(BV94,BU94/BV94%,0),2) -> 45 | BX94: =SUMIF($D$7:$BG$7,"6",$D94:$BG94) -> 0 | BY94: =SUMIFS($D$9:$BG$9,$D$7:$BG$7,"6",$D94:$BG94,">"&-1) -> 0 | BZ94: =ROUNDUP(IF(BY94,BX94/BY94%,0),2) -> 0
A95: 23N81A6288 | U95: 2 | W95: 2 | Y95: 4 | BA95: 5 | BB95: 5 | BC95: 5 | BD95: 5 | BE95: 5 | BI95: =SUMIF($D$7:$BG$7,"1",$D95:$BG95) -> 5 | BJ95: =SUMIFS($D$9:$BG$9,$D$7:$BG$7,"1",$D95:$BG95,">"&-1) -> 10 | BK95: =ROUNDUP(IF(BJ95,BI95/BJ95%,0),2) -> 50 | BL95: =SUMIF($D$7:$BG$7,"2",$D95:$BG95) -> 7 | BM95: =SUMIFS($D$9:$BG$9,$D$7:$BG$7,"2",$D95:$BG95,">"&-1) -> 13 | BN95: =ROUNDUP(IF(BM95,BL95/BM95%,0),2) -> 53.85 | BO95: =SUMIF($D$7:$BG$7,"3",$D95:$BG95) -> 11 | BP95: =SUMIFS($D$9:$BG$9,$D$7:$BG$7,"3",$D95:$BG95,">"&-1) -> 20 | BQ95: =ROUNDUP(IF(BP95,BO95/BP95%,0),2) -> 55 | BR95: =SUMIF($D$7:$BG$7,"4",$D95:$BG95) -> 5 | BS95: =SUMIFS($D$9:$BG$9,$D$7:$BG$7,"4",$D95:$BG95,">"&-1) -> 10 | BT95: =ROUNDUP(IF(BS95,BR95/BS95%,0),2) -> 50 | BU95: =SUMIF($D$7:$BG$7,"5",$D95:$BG95) -> 5 | BV95: =SUMIFS($D$9:$BG$9,$D$7:$BG$7,"5",$D95:$BG95,">"&-1) -> 10 | BW95: =ROUNDUP(IF(BV95,BU95/BV95%,0),2) -> 50 | BX95: =SUMIF($D$7:$BG$7,"6",$D95:$BG95) -> 0 | BY95: =SUMIFS($D$9:$BG$9,$D$7:$BG$7,"6",$D95:$BG95,">"&-1) -> 0 | BZ95: =ROUNDUP(IF(BY95,BX95/BY95%,0),2) -> 0
A96: 23N81A6290 | D96: 5 | F96: 3 | U96: 5 | W96: 3 | X96: 2 | Y96: 2 | AA96: 5 | AC96: 3 | BA96: 10 | BB96: 10 | BC96: 10 | BD96: 10 | BE96: 10 | BI96: =SUMIF($D$7:$BG$7,"1",$D96:$BG96) -> 10 | BJ96: =SUMIFS($D$9:$BG$9,$D$7:$BG$7,"1",$D96:$BG96,">"&-1) -> 10 | BK96: =ROUNDUP(IF(BJ96,BI96/BJ96%,0),2) -> 100 | BL96: =SUMIF($D$7:$BG$7,"2",$D96:$BG96) -> 20 | BM96: =SUMIFS($D$9:$BG$9,$D$7:$BG$7,"2",$D96:$BG96,">"&-1) -> 20 | BN96: =ROUNDUP(IF(BM96,BL96/BM96%,0),2) -> 100 | BO96: =SUMIF($D$7:$BG$7,"3",$D96:$BG96) -> 23 | BP96: =SUMIFS($D$9:$BG$9,$D$7:$BG$7,"3",$D96:$BG96,">"&-1) -> 30 | BQ96: =ROUNDUP(IF(BP96,BO96/BP96%,0),2) -> 76.67 | BR96: =SUMIF($D$7:$BG$7,"4",$D96:$BG96) -> 15 | BS96: =SUMIFS($D$9:$BG$9,$D$7:$BG$7,"4",$D96:$BG96,">"&-1) -> 15 | BT96: =ROUNDUP(IF(BS96,BR96/BS96%,0),2) -> 100 | BU96: =SUMIF($D$7:$BG$7,"5",$D96:$BG96) -> 10 | BV96: =SUMIFS($D$9:$BG$9,$D$7:$BG$7,"5",$D96:$BG96,">"&-1) -> 10 | BW96: =ROUNDUP(IF(BV96,BU96/BV96%,0),2) -> 100 | BX96: =SUMIF($D$7:$BG$7,"6",$D96:$BG96) -> 0 | BY96: =SUMIFS($D$9:$BG$9,$D$7:$BG$7,"6",$D96:$BG96,">"&-1) -> 0 | BZ96: =ROUNDUP(IF(BY96,BX96/BY96%,0),2) -> 0
A97: 23N81A6291 | D97: 5 | F97: 1 | H97: 2 | M97: 2 | N97: 1 | Q97: 2 | U97: 3 | W97: 3 | X97: 2 | Y97: 5 | AA97: 5 | AC97: 3 | BA97: 10 | BB97: 10 | BC97: 10 | BD97: 10 | BE97: 10 | BI97: =SUMIF($D$7:$BG$7,"1",$D97:$BG97) -> 10 | BJ97: =SUMIFS($D$9:$BG$9,$D$7:$BG$7,"1",$D97:$BG97,">"&-1) -> 10 | BK97: =ROUNDUP(IF(BJ97,BI97/BJ97%,0),2) -> 100 | BL97: =SUMIF($D$7:$BG$7,"2",$D97:$BG97) -> 24 | BM97: =SUMIFS($D$9:$BG$9,$D$7:$BG$7,"2",$D97:$BG97,">"&-1) -> 27 | BN97: =ROUNDUP(IF(BM97,BL97/BM97%,0),2) -> 88.89 | BO97: =SUMIF($D$7:$BG$7,"3",$D97:$BG97) -> 23 | BP97: =SUMIFS($D$9:$BG$9,$D$7:$BG$7,"3",$D97:$BG97,">"&-1) -> 35 | BQ97: =ROUNDUP(IF(BP97,BO97/BP97%,0),2) -> 65.72 | BR97: =SUMIF($D$7:$BG$7,"4",$D97:$BG97) -> 15 | BS97: =SUMIFS($D$9:$BG$9,$D$7:$BG$7,"4",$D97:$BG97,">"&-1) -> 15 | BT97: =ROUNDUP(IF(BS97,BR97/BS97%,0),2) -> 100 | BU97: =SUMIF($D$7:$BG$7,"5",$D97:$BG97) -> 12 | BV97: =SUMIFS($D$9:$BG$9,$D$7:$BG$7,"5",$D97:$BG97,">"&-1) -> 15 | BW97: =ROUNDUP(IF(BV97,BU97/BV97%,0),2) -> 80 | BX97: =SUMIF($D$7:$BG$7,"6",$D97:$BG97) -> 0 | BY97: =SUMIFS($D$9:$BG$9,$D$7:$BG$7,"6",$D97:$BG97,">"&-1) -> 0 | BZ97: =ROUNDUP(IF(BY97,BX97/BY97%,0),2) -> 0
A98: 23N81A6292 | D98: 5 | H98: 1 | L98: 2 | M98: 3 | P98: 2 | Q98: 3 | U98: 5 | W98: 3 | X98: 2 | AA98: 5 | AC98: 5 | BA98: 10 | BB98: 10 | BC98: 10 | BD98: 10 | BE98: 10 | BI98: =SUMIF($D$7:$BG$7,"1",$D98:$BG98) -> 10 | BJ98: =SUMIFS($D$9:$BG$9,$D$7:$BG$7,"1",$D98:$BG98,">"&-1) -> 10 | BK98: =ROUNDUP(IF(BJ98,BI98/BJ98%,0),2) -> 100 | BL98: =SUMIF($D$7:$BG$7,"2",$D98:$BG98) -> 26 | BM98: =SUMIFS($D$9:$BG$9,$D$7:$BG$7,"2",$D98:$BG98,">"&-1) -> 30 | BN98: =ROUNDUP(IF(BM98,BL98/BM98%,0),2) -> 86.67 | BO98: =SUMIF($D$7:$BG$7,"3",$D98:$BG98) -> 20 | BP98: =SUMIFS($D$9:$BG$9,$D$7:$BG$7,"3",$D98:$BG98,">"&-1) -> 20 | BQ98: =ROUNDUP(IF(BP98,BO98/BP98%,0),2) -> 100 | BR98: =SUMIF($D$7:$BG$7,"4",$D98:$BG98) -> 15 | BS98: =SUMIFS($D$9:$BG$9,$D$7:$BG$7,"4",$D98:$BG98,">"&-1) -> 15 | BT98: =ROUNDUP(IF(BS98,BR98/BS98%,0),2) -> 100 | BU98: =SUMIF($D$7:$BG$7,"5",$D98:$BG98) -> 15 | BV98: =SUMIFS($D$9:$BG$9,$D$7:$BG$7,"5",$D98:$BG98,">"&-1) -> 20 | BW98: =ROUNDUP(IF(BV98,BU98/BV98%,0),2) -> 75 | BX98: =SUMIF($D$7:$BG$7,"6",$D98:$BG98) -> 0 | BY98: =SUMIFS($D$9:$BG$9,$D$7:$BG$7,"6",$D98:$BG98,">"&-1) -> 0 | BZ98: =ROUNDUP(IF(BY98,BX98/BY98%,0),2) -> 0
A99: 23N81A6293 | D99: 5 | H99: 1 | L99: 2 | N99: 2 | P99: 2 | U99: 5 | W99: 3 | X99: 2 | Y99: 5 | AA99: 5 | AC99: 3 | BA99: 9 | BB99: 9 | BC99: 9 | BD99: 9 | BE99: 9 | BI99: =SUMIF($D$7:$BG$7,"1",$D99:$BG99) -> 9 | BJ99: =SUMIFS($D$9:$BG$9,$D$7:$BG$7,"1",$D99:$BG99,">"&-1) -> 10 | BK99: =ROUNDUP(IF(BJ99,BI99/BJ99%,0),2) -> 90 | BL99: =SUMIF($D$7:$BG$7,"2",$D99:$BG99) -> 22 | BM99: =SUMIFS($D$9:$BG$9,$D$7:$BG$7,"2",$D99:$BG99,">"&-1) -> 28 | BN99: =ROUNDUP(IF(BM99,BL99/BM99%,0),2) -> 78.58 | BO99: =SUMIF($D$7:$BG$7,"3",$D99:$BG99) -> 24 | BP99: =SUMIFS($D$9:$BG$9,$D$7:$BG$7,"3",$D99:$BG99,">"&-1) -> 30 | BQ99: =ROUNDUP(IF(BP99,BO99/BP99%,0),2) -> 80 | BR99: =SUMIF($D$7:$BG$7,"4",$D99:$BG99) -> 14 | BS99: =SUMIFS($D$9:$BG$9,$D$7:$BG$7,"4",$D99:$BG99,">"&-1) -> 15 | BT99: =ROUNDUP(IF(BS99,BR99/BS99%,0),2) -> 93.34 | BU99: =SUMIF($D$7:$BG$7,"5",$D99:$BG99) -> 11 | BV99: =SUMIFS($D$9:$BG$9,$D$7:$BG$7,"5",$D99:$BG99,">"&-1) -> 15 | BW99: =ROUNDUP(IF(BV99,BU99/BV99%,0),2) -> 73.34 | BX99: =SUMIF($D$7:$BG$7,"6",$D99:$BG99) -> 0 | BY99: =SUMIFS($D$9:$BG$9,$D$7:$BG$7,"6",$D99:$BG99,">"&-1) -> 0 | BZ99: =ROUNDUP(IF(BY99,BX99/BY99%,0),2) -> 0
A100: 23N81A6294 | U100: 5 | W100: 3 | X100: 2 | Y100: 5 | AA100: 5 | AC100: 5 | BA100: 9 | BB100: 9 | BC100: 9 | BD100: 9 | BE100: 9 | BI100: =SUMIF($D$7:$BG$7,"1",$D100:$BG100) -> 9 | BJ100: =SUMIFS($D$9:$BG$9,$D$7:$BG$7,"1",$D100:$BG100,">"&-1) -> 10 | BK100: =ROUNDUP(IF(BJ100,BI100/BJ100%,0),2) -> 90 | BL100: =SUMIF($D$7:$BG$7,"2",$D100:$BG100) -> 14 | BM100: =SUMIFS($D$9:$BG$9,$D$7:$BG$7,"2",$D100:$BG100,">"&-1) -> 15 | BN100: =ROUNDUP(IF(BM100,BL100/BM100%,0),2) -> 93.34 | BO100: =SUMIF($D$7:$BG$7,"3",$D100:$BG100) -> 24 | BP100: =SUMIFS($D$9:$BG$9,$D$7:$BG$7,"3",$D100:$BG100,">"&-1) -> 25 | BQ100: =ROUNDUP(IF(BP100,BO100/BP100%,0),2) -> 96 | BR100: =SUMIF($D$7:$BG$7,"4",$D100:$BG100) -> 14 | BS100: =SUMIFS($D$9:$BG$9,$D$7:$BG$7,"4",$D100:$BG100,">"&-1) -> 15 | BT100: =ROUNDUP(IF(BS100,BR100/BS100%,0),2) -> 93.34 | BU100: =SUMIF($D$7:$BG$7,"5",$D100:$BG100) -> 9 | BV100: =SUMIFS($D$9:$BG$9,$D$7:$BG$7,"5",$D100:$BG100,">"&-1) -> 10 | BW100: =ROUNDUP(IF(BV100,BU100/BV100%,0),2) -> 90 | BX100: =SUMIF($D$7:$BG$7,"6",$D100:$BG100) -> 0 | BY100: =SUMIFS($D$9:$BG$9,$D$7:$BG$7,"6",$D100:$BG100,">"&-1) -> 0 | BZ100: =ROUNDUP(IF(BY100,BX100/BY100%,0),2) -> 0
...

Sheet SEE Marks
BK1: ='IA Marks'!BJ1 -> LEVEL 1: | BL1: 60 | BM1: % students rated more than or equal to
B2: % of students scoring greater than or equal to | BK2: ='IA Marks'!BJ2 -> LEVEL 2: | BL2: 70
A3: IF(D8<IA!BA1,0,IF(D8>=IA!BA3,3,IF(D8>=IA!BA2,2,1))) | B3: % of Max. Marks | D3: Department of Computer Science and Engineering - Cyber Security Program | BK3: ='IA Marks'!BJ3 -> LEVEL 3: | BL3: 80
B4: of marks | D4: Academic Year : | M4: ='IA Marks'!AI5&"/"&'IA Marks'!AP4 -> Computer Organization and Architecture/S23CY304PC | Z4: Semester: | AB4: {='IA Marks'!AC4:AE4} -> #VALUE! | AE4: DIV: | AG4: Course Code: | AM4: {='IA Marks'!AP4:AQ4} -> #VALUE! | AP4: Student Count | AV4: {='IA Marks'!AY4:AZ4} -> #VALUE!
D5: Name of Course Teacher: | I5: ='IA Marks'!J5:S5 | S5: Set Target: | Z5: 75 | AA5: Course Name: | AF5: {='IA Marks'!AI5:AZ5} -> #VALUE! | BO5: =BI1&BL1&""&BM1&""&Z5&BJ1 -> 60% students rated more than or equal to 75
A6: USN | B6: Name | D6: SEE Marks
C7: CO Mapped | D7: 1 | E7: 2 | F7: 3 | G7: 4 | H7: 5 | I7: 6
C8: Q. No. | AI8: CO1 | AL8: CO2 | AO8: CO3 | AR8: CO4 | AU8: CO5 | AX8: CO6
C9: Max. Marks | D9: 60 | E9: 60 | F9: 60 | G9: 60 | H9: 60 | I9: 60 | AI9: Level | AK9: =IFERROR(IF(AK10<BL1,0,IF(AK10>=BL3,3,IF(AK10>=BL2,2,1))),0) -> 3 | AL9: Level | AN9: =IFERROR(IF(AN10<BL1,0,IF(AN10>=BL3,3,IF(AN10>=BL2,2,1))),0) -> 3 | AO9: Level | AQ9: =IFERROR(IF(AQ10<BL1,0,IF(AQ10>=BL3,3,IF(AQ10>=BL2,2,1))),0) -> 3 | AR9: Level | AT9: =IFERROR(IF(AT10<BL1,0,IF(AT10>=BL3,3,IF(AT10>=BL2,2,1))),0) -> 3 | AU9: Level | AW9: =IFERROR(IF(AW10<BL1,0,IF(AW10>=BL3,3,IF(AW10>=BL2,2,1))),0) -> 3 | AX9: Level | AZ9: =IFERROR(IF(AZ10<BL1,0,IF(AZ10>=BL3,3,IF(AZ10>=BL2,2,1))),0) -> 3
AI10: Percentage | AK10: =IFERROR(AK11/AI11*100,0) -> 100 | AL10: Percentage | AN10: =IFERROR(AN11/AL11*100,0) -> 100 | AO10: Percentage | AQ10: =IFERROR(AQ11/AO11*100,0) -> 100 | AR10: Percentage | AT10: =IFERROR(AT11/AR11*100,0) -> 100 | AU10: Percentage | AW10: =IFERROR(AW11/AU11*100,0) -> 100 | AX10: Percentage | AZ10: =IFERROR(AZ11/AX11*100,0) -> 100
AI11: =COUNTIF(AI13:AI200,">"&0) -> 123 | AK11: =COUNTIF(AK13:AK200,">="&Z5) -> 123 | AL11: =COUNTIF(AL13:AL200,">"&0) -> 123 | AN11: =COUNTIF(AN13:AN200,">="&Z5) -> 123 | AO11: =COUNTIF(AO13:AO200,">"&0) -> 123 | AQ11: =COUNTIF(AQ13:AQ200,">="&Z5) -> 123 | AR11: =COUNTIF(AR13:AR200,">"&0) -> 123 | AT11: =COUNTIF(AT13:AT200,">="&Z5) -> 123 | AU11: =COUNTIF(AU13:AU200,">"&0) -> 123 | AW11: =COUNTIF(AW13:AW200,">="&Z5) -> 123 | AX11: =COUNTIF(AX13:AX200,">"&0) -> 123 | AZ11: =COUNTIF(AZ13:AZ200,">="&Z5) -> 123
AI12: SUM | AJ12: COUNT | AK12: % | AL12: SUM | AM12: COUNT | AN12: % | AO12: SUM | AP12: COUNT | AQ12: % | AR12: SUM | AS12: COUNT | AT12: % | AU12: SUM | AV12: COUNT | AW12: % | AX12: SUM | AY12: COUNT | AZ12: %
A13: ='IA Marks'!A13 -> 23N81A6201 | B13: ='IA Marks'!B13 -> 0 | D13: 45 | E13: 45 | F13: 45 | G13: 45 | H13: 45 | I13: 45 | AI13: =SUMIF($D$7:$Z$7,"1",D13:Z13) -> 45 | AJ13: =SUMIFS($D$9:$Z$9,$D$7:$Z$7,"1",D13:Z13,">"&-1) -> 60 | AK13: =ROUNDUP(IF(AJ13,AI13/AJ13%,0),2) -> 75 | AL13: =SUMIF($D$7:$Z$7,"2",D13:Z13) -> 45 | AM13: =SUMIFS($D$9:$Z$9,$D$7:$Z$7,"2",D13:Z13,">"&-1) -> 60 | AN13: =ROUNDUP(IF(AM13,AL13/AM13%,0),2) -> 75 | AO13: =SUMIF($D$7:$Z$7,"3",D13:Z13) -> 45 | AP13: =SUMIFS($D$9:$Z$9,$D$7:$Z$7,"3",D13:Z13,">"&-1) -> 60 | AQ13: =ROUNDUP(IF(AP13,AO13/AP13%,0),2) -> 75 | AR13: =SUMIF($D$7:$Z$7,"4",D13:Z13) -> 45 | AS13: =SUMIFS($D$9:$Z$9,$D$7:$Z$7,"4",D13:Z13,">"&-1) -> 60 | AT13: =ROUNDUP(IF(AS13,AR13/AS13%,0),2) -> 75 | AU13: =SUMIF($D$7:$Z$7,"5",D13:Z13) -> 45 | AV13: =SUMIFS($D$9:$Z$9,$D$7:$Z$7,"5",D13:Z13,">"&-1) -> 60 | AW13: =ROUNDUP(IF(AV13,AU13/AV13%,0),2) -> 75 | AX13: =SUMIF($D$7:$Z$7,"6",D13:Z13) -> 45 | AY13: =SUMIFS($D$9:$Z$9,$D$7:$Z$7,"6",D13:Z13,">"&-1) -> 60 | AZ13: =ROUNDUP(IF(AY13,AX13/AY13%,0),2) -> 75
A14: ='IA Marks'!A14 -> 23N81A6202 | B14: ='IA Marks'!B14 -> 0 | D14: 45 | E14: 45 | F14: 45 | G14: 45 | H14: 45 | I14: 45 | AI14: =SUMIF($D$7:$Z$7,"1",D14:Z14) -> 45 | AJ14: =SUMIFS($D$9:$Z$9,$D$7:$Z$7,"1",D14:Z14,">"&-1) -> 60 | AK14: =ROUNDUP(IF(AJ14,AI14/AJ14%,0),2) -> 75 | AL14: =SUMIF($D$7:$Z$7,"2",D14:Z14) -> 45 | AM14: =SUMIFS($D$9:$Z$9,$D$7:$Z$7,"2",D14:Z14,">"&-1) -> 60 | AN14: =ROUNDUP(IF(AM14,AL14/AM14%,0),2) -> 75 | AO14: =SUMIF($D$7:$Z$7,"3",D14:Z14) -> 45 | AP14: =SUMIFS($D$9:$Z$9,$D$7:$Z$7,"3",D14:Z14,">"&-1) -> 60 | AQ14: =ROUNDUP(IF(AP14,AO14/AP14%,0),2) -> 75 | AR14: =SUMIF($D$7:$Z$7,"4",D14:Z14) -> 45 | AS14: =SUMIFS($D$9:$Z$9,$D$7:$Z$7,"4",D14:Z14,">"&-1) -> 60 | AT14: =ROUNDUP(IF(AS14,AR14/AS14%,0),2) -> 75 | AU14: =SUMIF($D$7:$Z$7,"5",D14:Z14) -> 45 | AV14: =SUMIFS($D$9:$Z$9,$D$7:$Z$7,"5",D14:Z14,">"&-1) -> 60 | AW14: =ROUNDUP(IF(AV14,AU14/AV14%,0),2) -> 75 | AX14: =SUMIF($D$7:$Z$7,"6",D14:Z14) -> 45 | AY14: =SUMIFS($D$9:$Z$9,$D$7:$Z$7,"6",D14:Z14,">"&-1) -> 60 | AZ14: =ROUNDUP(IF(AY14,AX14/AY14%,0),2) -> 75
A15: ='IA Marks'!A15 -> 23N81A6203 | B15: ='IA Marks'!B15 -> 0 | D15: 45 | E15: 45 | F15: 45 | G15: 45 | H15: 45 | I15: 45 | AI15: =SUMIF($D$7:$Z$7,"1",D15:Z15) -> 45 | AJ15: =SUMIFS($D$9:$Z$9,$D$7:$Z$7,"1",D15:Z15,">"&-1) -> 60 | AK15: =ROUNDUP(IF(AJ15,AI15/AJ15%,0),2) -> 75 | AL15: =SUMIF($D$7:$Z$7,"2",D15:Z15) -> 45 | AM15: =SUMIFS($D$9:$Z$9,$D$7:$Z$7,"2",D15:Z15,">"&-1) -> 60 | AN15: =ROUNDUP(IF(AM15,AL15/AM15%,0),2) -> 75 | AO15: =SUMIF($D$7:$Z$7,"3",D15:Z15) -> 45 | AP15: =SUMIFS($D$9:$Z$9,$D$7:$Z$7,"3",D15:Z15,">"&-1) -> 60 | AQ15: =ROUNDUP(IF(AP15,AO15/AP15%,0),2) -> 75 | AR15: =SUMIF($D$7:$Z$7,"4",D15:Z15) -> 45 | AS15: =SUMIFS($D$9:$Z$9,$D$7:$Z$7,"4",D15:Z15,">"&-1) -> 60 | AT15: =ROUNDUP(IF(AS15,AR15/AS15%,0),2) -> 75 | AU15: =SUMIF($D$7:$Z$7,"5",D15:Z15) -> 45 | AV15: =SUMIFS($D$9:$Z$9,$D$7:$Z$7,"5",D15:Z15,">"&-1) -> 60 | AW15: =ROUNDUP(IF(AV15,AU15/AV15%,0),2) -> 75 | AX15: =SUMIF($D$7:$Z$7,"6",D15:Z15) -> 45 | AY15: =SUMIFS($D$9:$Z$9,$D$7:$Z$7,"6",D15:Z15,">"&-1) -> 60 | AZ15: =ROUNDUP(IF(AY15,AX15/AY15%,0),2) -> 75
A16: ='IA Marks'!A16 -> 23N81A6204 | B16: ='IA Marks'!B16 -> 0 | D16: 45 | E16: 45 | F16: 45 | G16: 45 | H16: 45 | I16: 45 | AI16: =SUMIF($D$7:$Z$7,"1",D16:Z16) -> 45 | AJ16: =SUMIFS($D$9:$Z$9,$D$7:$Z$7,"1",D16:Z16,">"&-1) -> 60 | AK16: =ROUNDUP(IF(AJ16,AI16/AJ16%,0),2) -> 75 | AL16: =SUMIF($D$7:$Z$7,"2",D16:Z16) -> 45 | AM16: =SUMIFS($D$9:$Z$9,$D$7:$Z$7,"2",D16:Z16,">"&-1) -> 60 | AN16: =ROUNDUP(IF(AM16,AL16/AM16%,0),2) -> 75 | AO16: =SUMIF($D$7:$Z$7,"3",D16:Z16) -> 45 | AP16: =SUMIFS($D$9:$Z$9,$D$7:$Z$7,"3",D16:Z16,">"&-1) -> 60 | AQ16: =ROUNDUP(IF(AP16,AO16/AP16%,0),2) -> 75 | AR16: =SUMIF($D$7:$Z$7,"4",D16:Z16) -> 45 | AS16: =SUMIFS($D$9:$Z$9,$D$7:$Z$7,"4",D16:Z16,">"&-1) -> 60 | AT16: =ROUNDUP(IF(AS16,AR16/AS16%,0),2) -> 75 | AU16: =SUMIF($D$7:$Z$7,"5",D16:Z16) -> 45 | AV16: =SUMIFS($D$9:$Z$9,$D$7:$Z$7,"5",D16:Z16,">"&-1) -> 60 | AW16: =ROUNDUP(IF(AV16,AU16/AV16%,0),2) -> 75 | AX16: =SUMIF($D$7:$Z$7,"6",D16:Z16) -> 45 | AY16: =SUMIFS($D$9:$Z$9,$D$7:$Z$7,"6",D16:Z16,">"&-1) -> 60 | AZ16: =ROUNDUP(IF(AY16,AX16/AY16%,0),2) -> 75
A17: ='IA Marks'!A17 -> 23N81A6205 | B17: ='IA Marks'!B17 -> 0 | D17: 45 | E17: 45 | F17: 45 | G17: 45 | H17: 45 | I17: 45 | AI17: =SUMIF($D$7:$Z$7,"1",D17:Z17) -> 45 | AJ17: =SUMIFS($D$9:$Z$9,$D$7:$Z$7,"1",D17:Z17,">"&-1) -> 60 | AK17: =ROUNDUP(IF(AJ17,AI17/AJ17%,0),2) -> 75 | AL17: =SUMIF($D$7:$Z$7,"2",D17:Z17) -> 45 | AM17: =SUMIFS($D$9:$Z$9,$D$7:$Z$7,"2",D17:Z17,">"&-1) -> 60 | AN17: =ROUNDUP(IF(AM17,AL17/AM17%,0),2) -> 75 | AO17: =SUMIF($D$7:$Z$7,"3",D17:Z17) -> 45 | AP17: =SUMIFS($D$9:$Z$9,$D$7:$Z$7,"3",D17:Z17,">"&-1) -> 60 | AQ17: =ROUNDUP(IF(AP17,AO17/AP17%,0),2) -> 75 | AR17: =SUMIF($D$7:$Z$7,"4",D17:Z17) -> 45 | AS17: =SUMIFS($D$9:$Z$9,$D$7:$Z$7,"4",D17:Z17,">"&-1) -> 60 | AT17: =ROUNDUP(IF(AS17,AR17/AS17%,0),2) -> 75 | AU17: =SUMIF($D$7:$Z$7,"5",D17:Z17) -> 45 | AV17: =SUMIFS($D$9:$Z$9,$D$7:$Z$7,"5",D17:Z17,">"&-1) -> 60 | AW17: =ROUNDUP(IF(AV17,AU17/AV17%,0),2) -> 75 | AX17: =SUMIF($D$7:$Z$7,"6",D17:Z17) -> 45 | AY17: =SUMIFS($D$9:$Z$9,$D$7:$Z$7,"6",D17:Z17,">"&-1) -> 60 | AZ17: =ROUNDUP(IF(AY17,AX17/AY17%,0),2) -> 75
A18: ='IA Marks'!A18 -> 23N81A6206 | B18: ='IA Marks'!B18 -> 0 | D18: 45 | E18: 45 | F18: 45 | G18: 45 | H18: 45 | I18: 45 | AI18: =SUMIF($D$7:$Z$7,"1",D18:Z18) -> 45 | AJ18: =SUMIFS($D$9:$Z$9,$D$7:$Z$7,"1",D18:Z18,">"&-1) -> 60 | AK18: =ROUNDUP(IF(AJ18,AI18/AJ18%,0),2) -> 75 | AL18: =SUMIF($D$7:$Z$7,"2",D18:Z18) -> 45 | AM18: =SUMIFS($D$9:$Z$9,$D$7:$Z$7,"2",D18:Z18,">"&-1) -> 60 | AN18: =ROUNDUP(IF(AM18,AL18/AM18%,0),2) -> 75 | AO18: =SUMIF($D$7:$Z$7,"3",D18:Z18) -> 45 | AP18: =SUMIFS($D$9:$Z$9,$D$7:$Z$7,"3",D18:Z18,">"&-1) -> 60 | AQ18: =ROUNDUP(IF(AP18,AO18/AP18%,0),2) -> 75 | AR18: =SUMIF($D$7:$Z$7,"4",D18:Z18) -> 45 | AS18: =SUMIFS($D$9:$Z$9,$D$7:$Z$7,"4",D18:Z18,">"&-1) -> 60 | AT18: =ROUNDUP(IF(AS18,AR18/AS18%,0),2) -> 75 | AU18: =SUMIF($D$7:$Z$7,"5",D18:Z18) -> 45 | AV18: =SUMIFS($D$9:$Z$9,$D$7:$Z$7,"5",D18:Z18,">"&-1) -> 60 | AW18: =ROUNDUP(IF(AV18,AU18/AV18%,0),2) -> 75 | AX18: =SUMIF($D$7:$Z$7,"6",D18:Z18) -> 45 | AY18: =SUMIFS($D$9:$Z$9,$D$7:$Z$7,"6",D18:Z18,">"&-1) -> 60 | AZ18: =ROUNDUP(IF(AY18,AX18/AY18%,0),2) -> 75
A19: ='IA Marks'!A19 -> 23N81A6207 | B19: ='IA Marks'!B19 -> 0 | D19: 45 | E19: 45 | F19: 45 | G19: 45 | H19: 45 | I19: 45 | AI19: =SUMIF($D$7:$Z$7,"1",D19:Z19) -> 45 | AJ19: =SUMIFS($D$9:$Z$9,$D$7:$Z$7,"1",D19:Z19,">"&-1) -> 60 | AK19: =ROUNDUP(IF(AJ19,AI19/AJ19%,0),2) -> 75 | AL19: =SUMIF($D$7:$Z$7,"2",D19:Z19) -> 45 | AM19: =SUMIFS($D$9:$Z$9,$D$7:$Z$7,"2",D19:Z19,">"&-1) -> 60 | AN19: =ROUNDUP(IF(AM19,AL19/AM19%,0),2) -> 75 | AO19: =SUMIF($D$7:$Z$7,"3",D19:Z19) -> 45 | AP19: =SUMIFS($D$9:$Z$9,$D$7:$Z$7,"3",D19:Z19,">"&-1) -> 60 | AQ19: =ROUNDUP(IF(AP19,AO19/AP19%,0),2) -> 75 | AR19: =SUMIF($D$7:$Z$7,"4",D19:Z19) -> 45 | AS19: =SUMIFS($D$9:$Z$9,$D$7:$Z$7,"4",D19:Z19,">"&-1) -> 60 | AT19: =ROUNDUP(IF(AS19,AR19/AS19%,0),2) -> 75 | AU19: =SUMIF($D$7:$Z$7,"5",D19:Z19) -> 45 | AV19: =SUMIFS($D$9:$Z$9,$D$7:$Z$7,"5",D19:Z19,">"&-1) -> 60 | AW19: =ROUNDUP(IF(AV19,AU19/AV19%,0),2) -> 75 | AX19: =SUMIF($D$7:$Z$7,"6",D19:Z19) -> 45 | AY19: =SUMIFS($D$9:$Z$9,$D$7:$Z$7,"6",D19:Z19,">"&-1) -> 60 | AZ19: =ROUNDUP(IF(AY19,AX19/AY19%,0),2) -> 75
A20: ='IA Marks'!A20 -> 23N81A6208 | B20: ='IA Marks'!B20 -> 0 | D20: 45 | E20: 45 | F20: 45 | G20: 45 | H20: 45 | I20: 45 | AI20: =SUMIF($D$7:$Z$7,"1",D20:Z20) -> 45 | AJ20: =SUMIFS($D$9:$Z$9,$D$7:$Z$7,"1",D20:Z20,">"&-1) -> 60 | AK20: =ROUNDUP(IF(AJ20,AI20/AJ20%,0),2) -> 75 | AL20: =SUMIF($D$7:$Z$7,"2",D20:Z20) -> 45 | AM20: =SUMIFS($D$9:$Z$9,$D$7:$Z$7,"2",D20:Z20,">"&-1) -> 60 | AN20: =ROUNDUP(IF(AM20,AL20/AM20%,0),2) -> 75 | AO20: =SUMIF($D$7:$Z$7,"3",D20:Z20) -> 45 | AP20: =SUMIFS($D$9:$Z$9,$D$7:$Z$7,"3",D20:Z20,">"&-1) -> 60 | AQ20: =ROUNDUP(IF(AP20,AO20/AP20%,0),2) -> 75 | AR20: =SUMIF($D$7:$Z$7,"4",D20:Z20) -> 45 | AS20: =SUMIFS($D$9:$Z$9,$D$7:$Z$7,"4",D20:Z20,">"&-1) -> 60 | AT20: =ROUNDUP(IF(AS20,AR20/AS20%,0),2) -> 75 | AU20: =SUMIF($D$7:$Z$7,"5",D20:Z20) -> 45 | AV20: =SUMIFS($D$9:$Z$9,$D$7:$Z$7,"5",D20:Z20,">"&-1) -> 60 | AW20: =ROUNDUP(IF(AV20,AU20/AV20%,0),2) -> 75 | AX20: =SUMIF($D$7:$Z$7,"6",D20:Z20) -> 45 | AY20: =SUMIFS($D$9:$Z$9,$D$7:$Z$7,"6",D20:Z20,">"&-1) -> 60 | AZ20: =ROUNDUP(IF(AY20,AX20/AY20%,0),2) -> 75
A21: ='IA Marks'!A21 -> 23N81A6209 | B21: ='IA Marks'!B21 -> 0 | D21: 45 | E21: 45 | F21: 45 | G21: 45 | H21: 45 | I21: 45 | AI21: =SUMIF($D$7:$Z$7,"1",D21:Z21) -> 45 | AJ21: =SUMIFS($D$9:$Z$9,$D$7:$Z$7,"1",D21:Z21,">"&-1) -> 60 | AK21: =ROUNDUP(IF(AJ21,AI21/AJ21%,0),2) -> 75 | AL21: =SUMIF($D$7:$Z$7,"2",D21:Z21) -> 45 | AM21: =SUMIFS($D$9:$Z$9,$D$7:$Z$7,"2",D21:Z21,">"&-1) -> 60 | AN21: =ROUNDUP(IF(AM21,AL21/AM21%,0),2) -> 75 | AO21: =SUMIF($D$7:$Z$7,"3",D21:Z21) -> 45 | AP21: =SUMIFS($D$9:$Z$9,$D$7:$Z$7,"3",D21:Z21,">"&-1) -> 60 | AQ21: =ROUNDUP(IF(AP21,AO21/AP21%,0),2) -> 75 | AR21: =SUMIF($D$7:$Z$7,"4",D21:Z21) -> 45 | AS21: =SUMIFS($D$9:$Z$9,$D$7:$Z$7,"4",D21:Z21,">"&-1) -> 60 | AT21: =ROUNDUP(IF(AS21,AR21/AS21%,0),2) -> 75 | AU21: =SUMIF($D$7:$Z$7,"5",D21:Z21) -> 45 | AV21: =SUMIFS($D$9:$Z$9,$D$7:$Z$7,"5",D21:Z21,">"&-1) -> 60 | AW21: =ROUNDUP(IF(AV21,AU21/AV21%,0),2) -> 75 | AX21: =SUMIF($D$7:$Z$7,"6",D21:Z21) -> 45 | AY21: =SUMIFS($D$9:$Z$9,$D$7:$Z$7,"6",D21:Z21,">"&-1) -> 60 | AZ21: =ROUNDUP(IF(AY21,AX21/AY21%,0),2) -> 75
A22: ='IA Marks'!A22 -> 23N81A6210 | B22: ='IA Marks'!B22 -> 0 | D22: 45 | E22: 45 | F22: 45 | G22: 45 | H22: 45 | I22: 45 | AI22: =SUMIF($D$7:$Z$7,"1",D22:Z22) -> 45 | AJ22: =SUMIFS($D$9:$Z$9,$D$7:$Z$7,"1",D22:Z22,">"&-1) -> 60 | AK22: =ROUNDUP(IF(AJ22,AI22/AJ22%,0),2) -> 75 | AL22: =SUMIF($D$7:$Z$7,"2",D22:Z22) -> 45 | AM22: =SUMIFS($D$9:$Z$9,$D$7:$Z$7,"2",D22:Z22,">"&-1) -> 60 | AN22: =ROUNDUP(IF(AM22,AL22/AM22%,0),2) -> 75 | AO22: =SUMIF($D$7:$Z$7,"3",D22:Z22) -> 45 | AP22: =SUMIFS($D$9:$Z$9,$D$7:$Z$7,"3",D22:Z22,">"&-1) -> 60 | AQ22: =ROUNDUP(IF(AP22,AO22/AP22%,0),2) -> 75 | AR22: =SUMIF($D$7:$Z$7,"4",D22:Z22) -> 45 | AS22: =SUMIFS($D$9:$Z$9,$D$7:$Z$7,"4",D22:Z22,">"&-1) -> 60 | AT22: =ROUNDUP(IF(AS22,AR22/AS22%,0),2) -> 75 | AU22: =SUMIF($D$7:$Z$7,"5",D22:Z22) -> 45 | AV22: =SUMIFS($D$9:$Z$9,$D$7:$Z$7,"5",D22:Z22,">"&-1) -> 60 | AW22: =ROUNDUP(IF(AV22,AU22/AV22%,0),2) -> 75 | AX22: =SUMIF($D$7:$Z$7,"6",D22:Z22) -> 45 | AY22: =SUMIFS($D$9:$Z$9,$D$7:$Z$7,"6",D22:Z22,">"&-1) -> 60 | AZ22: =ROUNDUP(IF(AY22,AX22/AY22%,0),2) -> 75
A23: ='IA Marks'!A23 -> 23N81A6211 | B23: ='IA Marks'!B23 -> 0 | D23: 45 | E23: 45 | F23: 45 | G23: 45 | H23: 45 | I23: 45 | AI23: =SUMIF($D$7:$Z$7,"1",D23:Z23) -> 45 | AJ23: =SUMIFS($D$9:$Z$9,$D$7:$Z$7,"1",D23:Z23,">"&-1) -> 60 | AK23: =ROUNDUP(IF(AJ23,AI23/AJ23%,0),2) -> 75 | AL23: =SUMIF($D$7:$Z$7,"2",D23:Z23) -> 45 | AM23: =SUMIFS($D$9:$Z$9,$D$7:$Z$7,"2",D23:Z23,">"&-1) -> 60 | AN23: =ROUNDUP(IF(AM23,AL23/AM23%,0),2) -> 75 | AO23: =SUMIF($D$7:$Z$7,"3",D23:Z23) -> 45 | AP23: =SUMIFS($D$9:$Z$9,$D$7:$Z$7,"3",D23:Z23,">"&-1) -> 60 | AQ23: =ROUNDUP(IF(AP23,AO23/AP23%,0),2) -> 75 | AR23: =SUMIF($D$7:$Z$7,"4",D23:Z23) -> 45 | AS23: =SUMIFS($D$9:$Z$9,$D$7:$Z$7,"4",D23:Z23,">"&-1) -> 60 | AT23: =ROUNDUP(IF(AS23,AR23/AS23%,0),2) -> 75 | AU23: =SUMIF($D$7:$Z$7,"5",D23:Z23) -> 45 | AV23: =SUMIFS($D$9:$Z$9,$D$7:$Z$7,"5",D23:Z23,">"&-1) -> 60 | AW23: =ROUNDUP(IF(AV23,AU23/AV23%,0),2) -> 75 | AX23: =SUMIF($D$7:$Z$7,"6",D23:Z23) -> 45 | AY23: =SUMIFS($D$9:$Z$9,$D$7:$Z$7,"6",D23:Z23,">"&-1) -> 60 | AZ23: =ROUNDUP(IF(AY23,AX23/AY23%,0),2) -> 75
A24: ='IA Marks'!A24 -> 23N81A6212 | B24: ='IA Marks'!B24 -> 0 | D24: 45 | E24: 45 | F24: 45 | G24: 45 | H24: 45 | I24: 45 | AI24: =SUMIF($D$7:$Z$7,"1",D24:Z24) -> 45 | AJ24: =SUMIFS($D$9:$Z$9,$D$7:$Z$7,"1",D24:Z24,">"&-1) -> 60 | AK24: =ROUNDUP(IF(AJ24,AI24/AJ24%,0),2) -> 75 | AL24: =SUMIF($D$7:$Z$7,"2",D24:Z24) -> 45 | AM24: =SUMIFS($D$9:$Z$9,$D$7:$Z$7,"2",D24:Z24,">"&-1) -> 60 | AN24: =ROUNDUP(IF(AM24,AL24/AM24%,0),2) -> 75 | AO24: =SUMIF($D$7:$Z$7,"3",D24:Z24) -> 45 | AP24: =SUMIFS($D$9:$Z$9,$D$7:$Z$7,"3",D24:Z24,">"&-1) -> 60 | AQ24: =ROUNDUP(IF(AP24,AO24/AP24%,0),2) -> 75 | AR24: =SUMIF($D$7:$Z$7,"4",D24:Z24) -> 45 | AS24: =SUMIFS($D$9:$Z$9,$D$7:$Z$7,"4",D24:Z24,">"&-1) -> 60 | AT24: =ROUNDUP(IF(AS24,AR24/AS24%,0),2) -> 75 | AU24: =SUMIF($D$7:$Z$7,"5",D24:Z24) -> 45 | AV24: =SUMIFS($D$9:$Z$9,$D$7:$Z$7,"5",D24:Z24,">"&-1) -> 60 | AW24: =ROUNDUP(IF(AV24,AU24/AV24%,0),2) -> 75 | AX24: =SUMIF($D$7:$Z$7,"6",D24:Z24) -> 45 | AY24: =SUMIFS($D$9:$Z$9,$D$7:$Z$7,"6",D24:Z24,">"&-1) -> 60 | AZ24: =ROUNDUP(IF(AY24,AX24/AY24%,0),2) -> 75
... A135: ='IA Marks'!A135 -> 0 | B135: ='IA Marks'!B135 -> 0 | D135: 45 | E135: 45 | F135: 45 | G135: 45 | H135: 45 | I135: 45 | AI135: =SUMIF($D$7:$Z$7,"1",D135:Z135) -> 45 | AJ135: =SUMIFS($D$9:$Z$9,$D$7:$Z$7,"1",D135:Z135,">"&-1) -> 60 | AK135: =ROUNDUP(IF(AJ135,AI135/AJ135%,0),2) -> 75 | AL135: =SUMIF($D$7:$Z$7,"2",D135:Z135) -> 45 | AM135: =SUMIFS($D$9:$Z$9,$D$7:$Z$7,"2",D135:Z135,">"&-1) -> 60 | AN135: =ROUNDUP(IF(AM135,AL135/AM135%,0),2) -> 75 | AO135: =SUMIF($D$7:$Z$7,"3",D135:Z135) -> 45 | AP135: =SUMIFS($D$9:$Z$9,$D$7:$Z$7,"3",D135:Z135,">"&-1) -> 60 | AQ135: =ROUNDUP(IF(AP135,AO135/AP135%,0),2) -> 75 | AR135: =SUMIF($D$7:$Z$7,"4",D135:Z135) -> 45 | AS135: =SUMIFS($D$9:$Z$9,$D$7:$Z$7,"4",D135:Z135,">"&-1) -> 60 | AT135: =ROUNDUP(IF(AS135,AR135/AS135%,0),2) -> 75 | AU135: =SUMIF($D$7:$Z$7,"5",D135:Z135) -> 45 | AV135: =SUMIFS($D$9:$Z$9,$D$7:$Z$7,"5",D135:Z135,">"&-1) -> 60 | AW135: =ROUNDUP(IF(AV135,AU135/AV135%,0),2) -> 75 | AX135: =SUMIF($D$7:$Z$7,"6",D135:Z135) -> 45 | AY135: =SUMIFS($D$9:$Z$9,$D$7:$Z$7,"6",D135:Z135,">"&-1) -> 60 | AZ135: =ROUNDUP(IF(AY135,AX135/AY135%,0),2) -> 75
BG136: =SUM(D136:R136) -> 0 | BH136: =(BG136*15)/40 -> 0 | BJ136: =SUMIF($D$7:$AG$7,"1",$D136:$BH136) -> 0 | BK136: =SUMIFS($D$9:$AG$9,$D$7:$AG$7,"1",$D136:$BH136,">"&-1) -> #VALUE! | BL136: =ROUNDUP(IF(BK136,BJ136/BK136%,0),2) -> #VALUE! | BM136: =SUMIF($D$7:$AG$7,"2",$D136:$BH136) -> 0 | BN136: =SUMIFS($D$9:$AG$9,$D$7:$AG$7,"2",$D136:$BH136,">"&-1) -> #VALUE! | BO136: =ROUNDUP(IF(BN136,BM136/BN136%,0),2) -> #VALUE! | BP136: =SUMIF($D$7:$AG$7,"3",$D136:$BH136) -> 0 | BQ136: =SUMIFS($D$9:$AG$9,$D$7:$AG$7,"3",$D136:$BH136,">"&-1) -> #VALUE! | BR136: =ROUNDUP(IF(BQ136,BP136/BQ136%,0),2) -> #VALUE! | BS136: =SUMIF($D$7:$AG$7,"4",$D136:$BH136) -> 0 | BT136: =SUMIFS($D$9:$AG$9,$D$7:$AG$7,"4",$D136:$BH136,">"&-1) -> #VALUE! | BU136: =ROUNDUP(IF(BT136,BS136/BT136%,0),2) -> #VALUE! | BV136: =SUMIF($D$7:$AG$7,"5",$D136:$BH136) -> 0 | BW136: =SUMIFS($D$9:$AG$9,$D$7:$AG$7,"5",$D136:$BH136,">"&-1) -> #VALUE! | BX136: =ROUNDUP(IF(BW136,BV136/BW136%,0),2) -> #VALUE! | BY136: =SUMIF($D$7:$AG$7,"6",$D136:$BH136) -> 0 | BZ136: =SUMIFS($D$9:$AG$9,$D$7:$AG$7,"6",$D136:$BH136,">"&-1) -> #VALUE! | CA136: =ROUNDUP(IF(BZ136,BY136/BZ136%,0),2) -> #VALUE!
BG137: =SUM(D137:R137) -> 0 | BH137: =(BG137*15)/40 -> 0 | BJ137: =SUMIF($D$7:$AG$7,"1",$D137:$BH137) -> 0 | BK137: =SUMIFS($D$9:$AG$9,$D$7:$AG$7,"1",$D137:$BH137,">"&-1) -> #VALUE! | BL137: =ROUNDUP(IF(BK137,BJ137/BK137%,0),2) -> #VALUE! | BM137: =SUMIF($D$7:$AG$7,"2",$D137:$BH137) -> 0 | BN137: =SUMIFS($D$9:$AG$9,$D$7:$AG$7,"2",$D137:$BH137,">"&-1) -> #VALUE! | BO137: =ROUNDUP(IF(BN137,BM137/BN137%,0),2) -> #VALUE! | BP137: =SUMIF($D$7:$AG$7,"3",$D137:$BH137) -> 0 | BQ137: =SUMIFS($D$9:$AG$9,$D$7:$AG$7,"3",$D137:$BH137,">"&-1) -> #VALUE! | BR137: =ROUNDUP(IF(BQ137,BP137/BQ137%,0),2) -> #VALUE! | BS137: =SUMIF($D$7:$AG$7,"4",$D137:$BH137) -> 0 | BT137: =SUMIFS($D$9:$AG$9,$D$7:$AG$7,"4",$D137:$BH137,">"&-1) -> #VALUE! | BU137: =ROUNDUP(IF(BT137,BS137/BT137%,0),2) -> #VALUE! | BV137: =SUMIF($D$7:$AG$7,"5",$D137:$BH137) -> 0 | BW137: =SUMIFS($D$9:$AG$9,$D$7:$AG$7,"5",$D137:$BH137,">"&-1) -> #VALUE! | BX137: =ROUNDUP(IF(BW137,BV137/BW137%,0),2) -> #VALUE! | BY137: =SUMIF($D$7:$AG$7,"6",$D137:$BH137) -> 0 | BZ137: =SUMIFS($D$9:$AG$9,$D$7:$AG$7,"6",$D137:$BH137,">"&-1) -> #VALUE! | CA137: =ROUNDUP(IF(BZ137,BY137/BZ137%,0),2) -> #VALUE!
BG138: =SUM(D138:R138) -> 0 | BH138: =(BG138*15)/40 -> 0 | BJ138: =SUMIF($D$7:$AG$7,"1",$D138:$BH138) -> 0 | BK138: =SUMIFS($D$9:$AG$9,$D$7:$AG$7,"1",$D138:$BH138,">"&-1) -> #VALUE! | BL138: =ROUNDUP(IF(BK138,BJ138/BK138%,0),2) -> #VALUE! | BM138: =SUMIF($D$7:$AG$7,"2",$D138:$BH138) -> 0 | BN138: =SUMIFS($D$9:$AG$9,$D$7:$AG$7,"2",$D138:$BH138,">"&-1) -> #VALUE! | BO138: =ROUNDUP(IF(BN138,BM138/BN138%,0),2) -> #VALUE! | BP138: =SUMIF($D$7:$AG$7,"3",$D138:$BH138) -> 0 | BQ138: =SUMIFS($D$9:$AG$9,$D$7:$AG$7,"3",$D138:$BH138,">"&-1) -> #VALUE! | BR138: =ROUNDUP(IF(BQ138,BP138/BQ138%,0),2) -> #VALUE! | BS138: =SUMIF($D$7:$AG$7,"4",$D138:$BH138) -> 0 | BT138: =SUMIFS($D$9:$AG$9,$D$7:$AG$7,"4",$D138:$BH138,">"&-1) -> #VALUE! | BU138: =ROUNDUP(IF(BT138,BS138/BT138%,0),2) -> #VALUE! | BV138: =SUMIF($D$7:$AG$7,"5",$D138:$BH138) -> 0 | BW138: =SUMIFS($D$9:$AG$9,$D$7:$AG$7,"5",$D138:$BH138,">"&-1) -> #VALUE! | BX138: =ROUNDUP(IF(BW138,BV138/BW138%,0),2) -> #VALUE! | BY138: =SUMIF($D$7:$AG$7,"6",$D138:$BH138) -> 0 | BZ138: =SUMIFS($D$9:$AG$9,$D$7:$AG$7,"6",$D138:$BH138,">"&-1) -> #VALUE! | CA138: =ROUNDUP(IF(BZ138,BY138/BZ138%,0),2) -> #VALUE!
BG139: =SUM(D139:R139) -> 0 | BH139: =(BG139*15)/40 -> 0 | BJ139: =SUMIF($D$7:$AG$7,"1",$D139:$BH139) -> 0 | BK139: =SUMIFS($D$9:$AG$9,$D$7:$AG$7,"1",$D139:$BH139,">"&-1) -> #VALUE! | BL139: =ROUNDUP(IF(BK139,BJ139/BK139%,0),2) -> #VALUE! | BM139: =SUMIF($D$7:$AG$7,"2",$D139:$BH139) -> 0 | BN139: =SUMIFS($D$9:$AG$9,$D$7:$AG$7,"2",$D139:$BH139,">"&-1) -> #VALUE! | BO139: =ROUNDUP(IF(BN139,BM139/BN139%,0),2) -> #VALUE! | BP139: =SUMIF($D$7:$AG$7,"3",$D139:$BH139) -> 0 | BQ139: =SUMIFS($D$9:$AG$9,$D$7:$AG$7,"3",$D139:$BH139,">"&-1) -> #VALUE! | BR139: =ROUNDUP(IF(BQ139,BP139/BQ139%,0),2) -> #VALUE! | BS139: =SUMIF($D$7:$AG$7,"4",$D139:$BH139) -> 0 | BT139: =SUMIFS($D$9:$AG$9,$D$7:$AG$7,"4",$D139:$BH139,">"&-1) -> #VALUE! | BU139: =ROUNDUP(IF(BT139,BS139/BT139%,0),2) -> #VALUE! | BV139: =SUMIF($D$7:$AG$7,"5",$D139:$BH139) -> 0 | BW139: =SUMIFS($D$9:$AG$9,$D$7:$AG$7,"5",$D139:$BH139,">"&-1) -> #VALUE! | BX139: =ROUNDUP(IF(BW139,BV139/BW139%,0),2) -> #VALUE! | BY139: =SUMIF($D$7:$AG$7,"6",$D139:$BH139) -> 0 | BZ139: =SUMIFS($D$9:$AG$9,$D$7:$AG$7,"6",$D139:$BH139,">"&-1) -> #VALUE! | CA139: =ROUNDUP(IF(BZ139,BY139/BZ139%,0),2) -> #VALUE!
BG140: =SUM(D140:R140) -> 0 | BH140: =(BG140*15)/40 -> 0 | BJ140: =SUMIF($D$7:$AG$7,"1",$D140:$BH140) -> 0 | BK140: =SUMIFS($D$9:$AG$9,$D$7:$AG$7,"1",$D140:$BH140,">"&-1) -> #VALUE! | BL140: =ROUNDUP(IF(BK140,BJ140/BK140%,0),2) -> #VALUE! | BM140: =SUMIF($D$7:$AG$7,"2",$D140:$BH140) -> 0 | BN140: =SUMIFS($D$9:$AG$9,$D$7:$AG$7,"2",$D140:$BH140,">"&-1) -> #VALUE! | BO140: =ROUNDUP(IF(BN140,BM140/BN140%,0),2) -> #VALUE! | BP140: =SUMIF($D$7:$AG$7,"3",$D140:$BH140) -> 0 | BQ140: =SUMIFS($D$9:$AG$9,$D$7:$AG$7,"3",$D140:$BH140,">"&-1) -> #VALUE! | BR140: =ROUNDUP(IF(BQ140,BP140/BQ140%,0),2) -> #VALUE! | BS140: =SUMIF($D$7:$AG$7,"4",$D140:$BH140) -> 0 | BT140: =SUMIFS($D$9:$AG$9,$D$7:$AG$7,"4",$D140:$BH140,">"&-1) -> #VALUE! | BU140: =ROUNDUP(IF(BT140,BS140/BT140%,0),2) -> #VALUE! | BV140: =SUMIF($D$7:$AG$7,"5",$D140:$BH140) -> 0 | BW140: =SUMIFS($D$9:$AG$9,$D$7:$AG$7,"5",$D140:$BH140,">"&-1) -> #VALUE! | BX140: =ROUNDUP(IF(BW140,BV140/BW140%,0),2) -> #VALUE! | BY140: =SUMIF($D$7:$AG$7,"6",$D140:$BH140) -> 0 | BZ140: =SUMIFS($D$9:$AG$9,$D$7:$AG$7,"6",$D140:$BH140,">"&-1) -> #VALUE! | CA140: =ROUNDUP(IF(BZ140,BY140/BZ140%,0),2) -> #VALUE!
BG141: =SUM(D141:R141) -> 0 | BH141: =(BG141*15)/40 -> 0 | BJ141: =SUMIF($D$7:$AG$7,"1",$D141:$BH141) -> 0 | BK141: =SUMIFS($D$9:$AG$9,$D$7:$AG$7,"1",$D141:$BH141,">"&-1) -> #VALUE! | BL141: =ROUNDUP(IF(BK141,BJ141/BK141%,0),2) -> #VALUE! | BM141: =SUMIF($D$7:$AG$7,"2",$D141:$BH141) -> 0 | BN141: =SUMIFS($D$9:$AG$9,$D$7:$AG$7,"2",$D141:$BH141,">"&-1) -> #VALUE! | BO141: =ROUNDUP(IF(BN141,BM141/BN141%,0),2) -> #VALUE! | BP141: =SUMIF($D$7:$AG$7,"3",$D141:$BH141) -> 0 | BQ141: =SUMIFS($D$9:$AG$9,$D$7:$AG$7,"3",$D141:$BH141,">"&-1) -> #VALUE! | BR141: =ROUNDUP(IF(BQ141,BP141/BQ141%,0),2) -> #VALUE! | BS141: =SUMIF($D$7:$AG$7,"4",$D141:$BH141) -> 0 | BT141: =SUMIFS($D$9:$AG$9,$D$7:$AG$7,"4",$D141:$BH141,">"&-1) -> #VALUE! | BU141: =ROUNDUP(IF(BT141,BS141/BT141%,0),2) -> #VALUE! | BV141: =SUMIF($D$7:$AG$7,"5",$D141:$BH141) -> 0 | BW141: =SUMIFS($D$9:$AG$9,$D$7:$AG$7,"5",$D141:$BH141,">"&-1) -> #VALUE! | BX141: =ROUNDUP(IF(BW141,BV141/BW141%,0),2) -> #VALUE! | BY141: =SUMIF($D$7:$AG$7,"6",$D141:$BH141) -> 0 | BZ141: =SUMIFS($D$9:$AG$9,$D$7:$AG$7,"6",$D141:$BH141,">"&-1) -> #VALUE! | CA141: =ROUNDUP(IF(BZ141,BY141/BZ141%,0),2) -> #VALUE!
BG142: =SUM(D142:R142) -> 0 | BH142: =(BG142*15)/40 -> 0 | BJ142: =SUMIF($D$7:$AG$7,"1",$D142:$BH142) -> 0 | BK142: =SUMIFS($D$9:$AG$9,$D$7:$AG$7,"1",$D142:$BH142,">"&-1) -> #VALUE! | BL142: =ROUNDUP(IF(BK142,BJ142/BK142%,0),2) -> #VALUE! | BM142: =SUMIF($D$7:$AG$7,"2",$D142:$BH142) -> 0 | BN142: =SUMIFS($D$9:$AG$9,$D$7:$AG$7,"2",$D142:$BH142,">"&-1) -> #VALUE! | BO142: =ROUNDUP(IF(BN142,BM142/BN142%,0),2) -> #VALUE! | BP142: =SUMIF($D$7:$AG$7,"3",$D142:$BH142) -> 0 | BQ142: =SUMIFS($D$9:$AG$9,$D$7:$AG$7,"3",$D142:$BH142,">"&-1) -> #VALUE! | BR142: =ROUNDUP(IF(BQ142,BP142/BQ142%,0),2) -> #VALUE! | BS142: =SUMIF($D$7:$AG$7,"4",$D142:$BH142) -> 0 | BT142: =SUMIFS($D$9:$AG$9,$D$7:$AG$7,"4",$D142:$BH142,">"&-1) -> #VALUE! | BU142: =ROUNDUP(IF(BT142,BS142/BT142%,0),2) -> #VALUE! | BV142: =SUMIF($D$7:$AG$7,"5",$D142:$BH142) -> 0 | BW142: =SUMIFS($D$9:$AG$9,$D$7:$AG$7,"5",$D142:$BH142,">"&-1) -> #VALUE! | BX142: =ROUNDUP(IF(BW142,BV142/BW142%,0),2) -> #VALUE! | BY142: =SUMIF($D$7:$AG$7,"6",$D142:$BH142) -> 0 | BZ142: =SUMIFS($D$9:$AG$9,$D$7:$AG$7,"6",$D142:$BH142,">"&-1) -> #VALUE! | CA142: =ROUNDUP(IF(BZ142,BY142/BZ142%,0),2) -> #VALUE!
BG143: =SUM(D143:R143) -> 0 | BH143: =(BG143*15)/40 -> 0 | BJ143: =SUMIF($D$7:$AG$7,"1",$D143:$BH143) -> 0 | BK143: =SUMIFS($D$9:$AG$9,$D$7:$AG$7,"1",$D143:$BH143,">"&-1) -> #VALUE! | BL143: =ROUNDUP(IF(BK143,BJ143/BK143%,0),2) -> #VALUE! | BM143: =SUMIF($D$7:$AG$7,"2",$D143:$BH143) -> 0 | BN143: =SUMIFS($D$9:$AG$9,$D$7:$AG$7,"2",$D143:$BH143,">"&-1) -> #VALUE! | BO143: =ROUNDUP(IF(BN143,BM143/BN143%,0),2) -> #VALUE! | BP143: =SUMIF($D$7:$AG$7,"3",$D143:$BH143) -> 0 | BQ143: =SUMIFS($D$9:$AG$9,$D$7:$AG$7,"3",$D143:$BH143,">"&-1) -> #VALUE! | BR143: =ROUNDUP(IF(BQ143,BP143/BQ143%,0),2) -> #VALUE! | BS143: =SUMIF($D$7:$AG$7,"4",$D143:$BH143) -> 0 | BT143: =SUMIFS($D$9:$AG$9,$D$7:$AG$7,"4",$D143:$BH143,">"&-1) -> #VALUE! | BU143: =ROUNDUP(IF(BT143,BS143/BT143%,0),2) -> #VALUE! | BV143: =SUMIF($D$7:$AG$7,"5",$D143:$BH143) -> 0 | BW143: =SUMIFS($D$9:$AG$9,$D$7:$AG$7,"5",$D143:$BH143,">"&-1) -> #VALUE! | BX143: =ROUNDUP(IF(BW143,BV143/BW143%,0),2) -> #VALUE! | BY143: =SUMIF($D$7:$AG$7,"6",$D143:$BH143) -> 0 | BZ143: =SUMIFS($D$9:$AG$9,$D$7:$AG$7,"6",$D143:$BH143,">"&-1) -> #VALUE! | CA143: =ROUNDUP(IF(BZ143,BY143/BZ143%,0),2) -> #VALUE!
BG144: =SUM(D144:R144) -> 0 | BH144: =(BG144*15)/40 -> 0 | BJ144: =SUMIF($D$7:$AG$7,"1",$D144:$BH144) -> 0 | BK144: =SUMIFS($D$9:$AG$9,$D$7:$AG$7,"1",$D144:$BH144,">"&-1) -> #VALUE! | BL144: =ROUNDUP(IF(BK144,BJ144/BK144%,0),2) -> #VALUE! | BM144: =SUMIF($D$7:$AG$7,"2",$D144:$BH144) -> 0 | BN144: =SUMIFS($D$9:$AG$9,$D$7:$AG$7,"2",$D144:$BH144,">"&-1) -> #VALUE! | BO144: =ROUNDUP(IF(BN144,BM144/BN144%,0),2) -> #VALUE! | BP144: =SUMIF($D$7:$AG$7,"3",$D144:$BH144) -> 0 | BQ144: =SUMIFS($D$9:$AG$9,$D$7:$AG$7,"3",$D144:$BH144,">"&-1) -> #VALUE! | BR144: =ROUNDUP(IF(BQ144,BP144/BQ144%,0),2) -> #VALUE! | BS144: =SUMIF($D$7:$AG$7,"4",$D144:$BH144) -> 0 | BT144: =SUMIFS($D$9:$AG$9,$D$7:$AG$7,"4",$D144:$BH144,">"&-1) -> #VALUE! | BU144: =ROUNDUP(IF(BT144,BS144/BT144%,0),2) -> #VALUE! | BV144: =SUMIF($D$7:$AG$7,"5",$D144:$BH144) -> 0 | BW144: =SUMIFS($D$9:$AG$9,$D$7:$AG$7,"5",$D144:$BH144,">"&-1) -> #VALUE! | BX144: =ROUNDUP(IF(BW144,BV144/BW144%,0),2) -> #VALUE! | BY144: =SUMIF($D$7:$AG$7,"6",$D144:$BH144) -> 0 | BZ144: =SUMIFS($D$9:$AG$9,$D$7:$AG$7,"6",$D144:$BH144,">"&-1) -> #VALUE! | CA144: =ROUNDUP(IF(BZ144,BY144/BZ144%,0),2) -> #VALUE!
BG145: =SUM(D145:R145) -> 0 | BH145: =(BG145*15)/40 -> 0 | BJ145: =SUMIF($D$7:$AG$7,"1",$D145:$BH145) -> 0 | BK145: =SUMIFS($D$9:$AG$9,$D$7:$AG$7,"1",$D145:$BH145,">"&-1) -> #VALUE! | BL145: =ROUNDUP(IF(BK145,BJ145/BK145%,0),2) -> #VALUE! | BM145: =SUMIF($D$7:$AG$7,"2",$D145:$BH145) -> 0 | BN145: =SUMIFS($D$9:$AG$9,$D$7:$AG$7,"2",$D145:$BH145,">"&-1) -> #VALUE! | BO145: =ROUNDUP(IF(BN145,BM145/BN145%,0),2) -> #VALUE! | BP145: =SUMIF($D$7:$AG$7,"3",$D145:$BH145) -> 0 | BQ145: =SUMIFS($D$9:$AG$9,$D$7:$AG$7,"3",$D145:$BH145,">"&-1) -> #VALUE! | BR145: =ROUNDUP(IF(BQ145,BP145/BQ145%,0),2) -> #VALUE! | BS145: =SUMIF($D$7:$AG$7,"4",$D145:$BH145) -> 0 | BT145: =SUMIFS($D$9:$AG$9,$D$7:$AG$7,"4",$D145:$BH145,">"&-1) -> #VALUE! | BU145: =ROUNDUP(IF(BT145,BS145/BT145%,0),2) -> #VALUE! | BV145: =SUMIF($D$7:$AG$7,"5",$D145:$BH145) -> 0 | BW145: =SUMIFS($D$9:$AG$9,$D$7:$AG$7,"5",$D145:$BH145,">"&-1) -> #VALUE! | BX145: =ROUNDUP(IF(BW145,BV145/BW145%,0),2) -> #VALUE! | BY145: =SUMIF($D$7:$AG$7,"6",$D145:$BH145) -> 0 | BZ145: =SUMIFS($D$9:$AG$9,$D$7:$AG$7,"6",$D145:$BH145,">"&-1) -> #VALUE! | CA145: =ROUNDUP(IF(BZ145,BY145/BZ145%,0),2) -> #VALUE!
BG146: =SUM(D146:R146) -> 0 | BH146: =(BG146*15)/40 -> 0 | BJ146: =SUMIF($D$7:$AG$7,"1",$D146:$BH146) -> 0 | BK146: =SUMIFS($D$9:$AG$9,$D$7:$AG$7,"1",$D146:$BH146,">"&-1) -> #VALUE! | BL146: =ROUNDUP(IF(BK146,BJ146/BK146%,0),2) -> #VALUE! | BM146: =SUMIF($D$7:$AG$7,"2",$D146:$BH146) -> 0 | BN146: =SUMIFS($D$9:$AG$9,$D$7:$AG$7,"2",$D146:$BH146,">"&-1) -> #VALUE! | BO146: =ROUNDUP(IF(BN146,BM146/BN146%,0),2) -> #VALUE! | BP146: =SUMIF($D$7:$AG$7,"3",$D146:$BH146) -> 0 | BQ146: =SUMIFS($D$9:$AG$9,$D$7:$AG$7,"3",$D146:$BH146,">"&-1) -> #VALUE! | BR146: =ROUNDUP(IF(BQ146,BP146/BQ146%,0),2) -> #VALUE! | BS146: =SUMIF($D$7:$AG$7,"4",$D146:$BH146) -> 0 | BT146: =SUMIFS($D$9:$AG$9,$D$7:$AG$7,"4",$D146:$BH146,">"&-1) -> #VALUE! | BU146: =ROUNDUP(IF(BT146,BS146/BT146%,0),2) -> #VALUE! | BV146: =SUMIF($D$7:$AG$7,"5",$D146:$BH146) -> 0 | BW146: =SUMIFS($D$9:$AG$9,$D$7:$AG$7,"5",$D146:$BH146,">"&-1) -> #VALUE! | BX146: =ROUNDUP(IF(BW146,BV146/BW146%,0),2) -> #VALUE! | BY146: =SUMIF($D$7:$AG$7,"6",$D146:$BH146) -> 0 | BZ146: =SUMIFS($D$9:$AG$9,$D$7:$AG$7,"6",$D146:$BH146,">"&-1) -> #VALUE! | CA146: =ROUNDUP(IF(BZ146,BY146/BZ146%,0),2) -> #VALUE!
BG147: =SUM(D147:R147) -> 0 | BH147: =(BG147*15)/40 -> 0 | BJ147: =SUMIF($D$7:$AG$7,"1",$D147:$BH147) -> 0 | BK147: =SUMIFS($D$9:$AG$9,$D$7:$AG$7,"1",$D147:$BH147,">"&-1) -> #VALUE! | BL147: =ROUNDUP(IF(BK147,BJ147/BK147%,0),2) -> #VALUE! | BM147: =SUMIF($D$7:$AG$7,"2",$D147:$BH147) -> 0 | BN147: =SUMIFS($D$9:$AG$9,$D$7:$AG$7,"2",$D147:$BH147,">"&-1) -> #VALUE! | BO147: =ROUNDUP(IF(BN147,BM147/BN147%,0),2) -> #VALUE! | BP147: =SUMIF($D$7:$AG$7,"3",$D147:$BH147) -> 0 | BQ147: =SUMIFS($D$9:$AG$9,$D$7:$AG$7,"3",$D147:$BH147,">"&-1) -> #VALUE! | BR147: =ROUNDUP(IF(BQ147,BP147/BQ147%,0),2) -> #VALUE! | BS147: =SUMIF($D$7:$AG$7,"4",$D147:$BH147) -> 0 | BT147: =SUMIFS($D$9:$AG$9,$D$7:$AG$7,"4",$D147:$BH147,">"&-1) -> #VALUE! | BU147: =ROUNDUP(IF(BT147,BS147/BT147%,0),2) -> #VALUE! | BV147: =SUMIF($D$7:$AG$7,"5",$D147:$BH147) -> 0 | BW147: =SUMIFS($D$9:$AG$9,$D$7:$AG$7,"5",$D147:$BH147,">"&-1) -> #VALUE! | BX147: =ROUNDUP(IF(BW147,BV147/BW147%,0),2) -> #VALUE! | BY147: =SUMIF($D$7:$AG$7,"6",$D147:$BH147) -> 0 | BZ147: =SUMIFS($D$9:$AG$9,$D$7:$AG$7,"6",$D147:$BH147,">"&-1) -> #VALUE! | CA147: =ROUNDUP(IF(BZ147,BY147/BZ147%,0),2) -> #VALUE!
... BG200: =SUM(D200:R200) -> 0 | BH200: =(BG200*15)/40 -> 0 | BJ200: =SUMIF($D$7:$AG$7,"1",$D200:$BH200) -> 0 | BK200: =SUMIFS($D$9:$AG$9,$D$7:$AG$7,"1",$D200:$BH200,">"&-1) -> #VALUE! | BL200: =ROUNDUP(IF(BK200,BJ200/BK200%,0),2) -> #VALUE! | BM200: =SUMIF($D$7:$AG$7,"2",$D200:$BH200) -> 0 | BN200: =SUMIFS($D$9:$AG$9,$D$7:$AG$7,"2",$D200:$BH200,">"&-1) -> #VALUE! | BO200: =ROUNDUP(IF(BN200,BM200/BN200%,0),2) -> #VALUE! | BP200: =SUMIF($D$7:$AG$7,"3",$D200:$BH200) -> 0 | BQ200: =SUMIFS($D$9:$AG$9,$D$7:$AG$7,"3",$D200:$BH200,">"&-1) -> #VALUE! | BR200: =ROUNDUP(IF(BQ200,BP200/BQ200%,0),2) -> #VALUE! | BS200: =SUMIF($D$7:$AG$7,"4",$D200:$BH200) -> 0 | BT200: =SUMIFS($D$9:$AG$9,$D$7:$AG$7,"4",$D200:$BH200,">"&-1) -> #VALUE! | BU200: =ROUNDUP(IF(BT200,BS200/BT200%,0),2) -> #VALUE! | BV200: =SUMIF($D$7:$AG$7,"5",$D200:$BH200) -> 0 | BW200: =SUMIFS($D$9:$AG$9,$D$7:$AG$7,"5",$D200:$BH200,">"&-1) -> #VALUE! | BX200: =ROUNDUP(IF(BW200,BV200/BW200%,0),2) -> #VALUE! | BY200: =SUMIF($D$7:$AG$7,"6",$D200:$BH200) -> 0 | BZ200: =SUMIFS($D$9:$AG$9,$D$7:$AG$7,"6",$D200:$BH200,">"&-1) -> #VALUE! | CA200: =ROUNDUP(IF(BZ200,BY200/BZ200%,0),2) -> #VALUE!

Sheet Course End Survey (CES)
A1: ='IA Marks'!D1
A3: ='IA Marks'!D3 -> Department of Computer Science and Engineering - Cyber Security Program
A4: Students' Rating | B4: ='IA Marks'!AP4&".1" -> S23CY304PC.1 | C4: ='IA Marks'!AP4&".2" -> S23CY304PC.2 | D4: ='IA Marks'!AP4&".3" -> S23CY304PC.3 | E4: ='IA Marks'!AP4&".4" -> S23CY304PC.4 | F4: ='IA Marks'!AP4&".5" -> S23CY304PC.5 | G4: ='IA Marks'!AP4&".6" -> S23CY304PC.6
B5: Q1 | C5: Q2 | D5: Q3 | E5: Q4 | F5: Q5 | G5: Q6
A7: No. of students | B7: ='IA Marks'!AY4 -> 109
B8: =B13 -> 54.40367 | C8: =C13 -> 54.036697 | D8: =D13 -> 54.311927 | E8: =E13 -> 52.477064 | F8: =F13 -> 59.449541 | G8: =G13 -> 0 | J8: =((5/11)*100)/3 -> 15.151515 | N8: =((5/11)*100)/3 -> 15.151515
A9: Indirect Assessment Attainment Level | B9: =IF(B8<'IA Marks'!BK1,0,IF(B8>='IA Marks'!BK3,3,IF(B8>='IA Marks'!BK2,2,1))) -> 2 | C9: =IF(C8<'IA Marks'!BK1,0,IF(C8>='IA Marks'!BK3,3,IF(C8>='IA Marks'!BK2,2,1))) -> 2 | D9: =IF(D8<'IA Marks'!BK1,0,IF(D8>='IA Marks'!BK3,3,IF(D8>='IA Marks'!BK2,2,1))) -> 2 | E9: =IF(E8<'IA Marks'!BK1,0,IF(E8>='IA Marks'!BK3,3,IF(E8>='IA Marks'!BK2,2,1))) -> 2 | F9: =IF(F8<'IA Marks'!BK1,0,IF(F8>='IA Marks'!BK3,3,IF(F8>='IA Marks'!BK2,2,1))) -> 2 | G9: =IF(G8<'IA Marks'!BK1,0,IF(G8>='IA Marks'!BK3,3,IF(G8>='IA Marks'!BK2,2,1))) -> 0 | J9: =J8*100 -> 1515.1515 | N9: =N8*100 -> 1515.1515
A10: One ( Some Ability ) | B10: 1 | C10: 3 | D10: 4 | E10: 9 | F10: 1 | H10: 0.3 | L10: 0.3
A11: Two ( Adequate Ability ) | B11: 52 | C11: 50 | D11: 48 | E11: 45 | F11: 41 | H11: 0.5 | L11: 0.5
A12: Three ( More than Adequate Ability ) | B12: 33 | C12: 33 | D12: 34 | E12: 32 | F12: 44 | H12: 1 | L12: 1
B13: =(SUMPRODUCT(B10:B12,$H$10:$H$12)/$B$7)*100 -> 54.40367 | C13: =(SUMPRODUCT(C10:C12,$H$10:$H$12)/$B$7)*100 -> 54.036697 | D13: =(SUMPRODUCT(D10:D12,$H$10:$H$12)/$B$7)*100 -> 54.311927 | E13: =(SUMPRODUCT(E10:E12,$H$10:$H$12)/$B$7)*100 -> 52.477064 | F13: =(SUMPRODUCT(F10:F12,$H$10:$H$12)/$B$7)*100 -> 59.449541 | G13: =(SUMPRODUCT(G10:G12,$H$10:$H$12)/$B$7)*100 -> 0
B14: =SUM(B10:B12) -> 86 | C14: =SUM(C10:C12) -> 86 | D14: =SUM(D10:D12) -> 86 | E14: =SUM(E10:E12) -> 86 | F14: =SUM(F10:F12) -> 86 | G14: =SUM(G10:G12) -> 0
A16: ='IA Marks'!BN5 -> Attainment Level 1: 40% of maximum marks
A17: ='IA Marks'!BN6 -> Attainment Level 2: 50% of maximum marks
A18: ='IA Marks'!BN7 -> Attainment Level 3: 60% of maximum marks
A19: Questionaries on Course End Survey
A20: ='IA Marks'!AP4&".1" -> S23CY304PC.1 | B20: Understand the basics of instruction sets and their impact on processor design
A21: ='IA Marks'!AP4&".2" -> S23CY304PC.2 | B21: Demonstrate an understanding of the design of the functional units of a digital computer system.
A22: ='IA Marks'!AP4&".3" -> S23CY304PC.3 | B22: Evaluate cost performance and design trade-offs in designing and constructing a computer processor including memory
A23: ='IA Marks'!AP4&".4" -> S23CY304PC.4 | B23: Design a pipeline for consistent execution of instructions with minimum hazards.
A24: ='IA Marks'!AP4&".5" -> S23CY304PC.5 | B24: Recognize and manipulate representations of numbers stored in digital computer
A25: ='IA Marks'!AP4&".6" -> S23CY304PC.6

Sheet CO Attainment
A1: COURSE OUTCOMES (COs) ASSESSMENT MATRIX
A2: ='IA Marks'!D1
A3: ='IA Marks'!D3 -> Department of Computer Science and Engineering - Cyber Security Program
A4: Academic Year: | B4: ='IA Marks'!N4 -> 2024-25 | E4: CO Attainment Indirect | F4: CO Attainment
A5: Course Name & Course Code: | B5: ='IA Marks'!AI5&"/"&'IA Marks'!AP4 -> Computer Organization and Architecture/S23CY304PC | H5: ='IA Marks'!BN5 -> Attainment Level 1: 40% of maximum marks
A6: Faculty Name: | B6: ='IA Marks'!J5 -> Dr. Kiran B. Malagi | H6: ='IA Marks'!BN6 -> Attainment Level 2: 50% of maximum marks
A7: CO Attainment - Direct | H7: ='IA Marks'!BN7 -> Attainment Level 3: 60% of maximum marks
A8: Cos | B8: Formative Assessment | C8: Summative Assessment | D8: Total Attainment Direct | H8: Note: Total Attainment Direct = (Weightage*Formative Assessment)+(Weightage*Summative Assessment) Weightage for Formative Assessment = 50%; Weightage for Summative Assessment = 50%
A9: ='Course End Survey (CES)'!B4 -> S23CY304PC.1 | B9: =IF('IA Marks'!BI11,'IA Marks'!BK9," ") -> 3 | C9: =IF('SEE Marks'!AI11,'SEE Marks'!AK9," ") -> 3 | D9: =IFERROR('IA Marks'!$BG$2%*C9+'IA Marks'!$BG$1%*B9,"") -> 3 | E9: =IF('Course End Survey (CES)'!B8,'Course End Survey (CES)'!B9,"") -> 2 | F9: =IFERROR(ROUNDUP('IA Marks'!$BG$3%*D9+'IA Marks'!$BG$4%*E9,2),"") -> 2.8
A10: ='Course End Survey (CES)'!C4 -> S23CY304PC.2 | B10: =IF('IA Marks'!BL11,'IA Marks'!BN9," ") -> 3 | C10: =IF('SEE Marks'!AL11,'SEE Marks'!AN9," ") -> 3 | D10: =IFERROR('IA Marks'!$BG$2%*C10+'IA Marks'!$BG$1%*B10,"") -> 3 | E10: =IF('Course End Survey (CES)'!C8,'Course End Survey (CES)'!C9,"") -> 2 | F10: =IFERROR(ROUNDUP('IA Marks'!$BG$3%*D10+'IA Marks'!$BG$4%*E10,2),"") -> 2.8
A11: ='Course End Survey (CES)'!D4 -> S23CY304PC.3 | B11: =IF('IA Marks'!BO11,'IA Marks'!BQ9," ") -> 3 | C11: =IF('SEE Marks'!AO11,'SEE Marks'!AQ9," ") -> 3 | D11: =IFERROR('IA Marks'!$BG$2%*C11+'IA Marks'!$BG$1%*B11,"") -> 3 | E11: =IF('Course End Survey (CES)'!D8,'Course End Survey (CES)'!D9,"") -> 2 | F11: =IFERROR(ROUNDUP('IA Marks'!$BG$3%*D11+'IA Marks'!$BG$4%*E11,2),"") -> 2.8 | H11: CO Attainment = (Weightage*Total Attaiinment Direct)+(Weightage*CO Attainment Indirect) Weightage for Total Attainment Direct = 90%; Weightage for CO Attainment Indirect = 10%
A12: ='Course End Survey (CES)'!E4 -> S23CY304PC.4 | B12: =IF('IA Marks'!BR11,'IA Marks'!BT9," ") -> 3 | C12: =IF('SEE Marks'!AR11,'SEE Marks'!AT9," ") -> 3 | D12: =IFERROR('IA Marks'!$BG$2%*C12+'IA Marks'!$BG$1%*B12,"") -> 3 | E12: =IF('Course End Survey (CES)'!E8,'Course End Survey (CES)'!E9,"") -> 2 | F12: =IFERROR(ROUNDUP('IA Marks'!$BG$3%*D12+'IA Marks'!$BG$4%*E12,2),"") -> 2.8
A13: ='Course End Survey (CES)'!F4 -> S23CY304PC.5 | B13: =IF('IA Marks'!BU11,'IA Marks'!BW9," ") -> 3 | C13: =IF('SEE Marks'!AU11,'SEE Marks'!AW9," ") -> 3 | D13: =IFERROR('IA Marks'!$BG$2%*C13+'IA Marks'!$BG$1%*B13,"") -> 3 | E13: =IF('Course End Survey (CES)'!F8,'Course End Survey (CES)'!F9,"") -> 2 | F13: =IFERROR(ROUNDUP('IA Marks'!$BG$3%*D13+'IA Marks'!$BG$4%*E13,2),"") -> 2.8
A14: ='Course End Survey (CES)'!G4 -> S23CY304PC.6 | B14: =IF('IA Marks'!BX11,'IA Marks'!BZ9," ") | C14: =IF('SEE Marks'!AX11,'SEE Marks'!AZ9," ") -> 3 | D14: =IFERROR('IA Marks'!$BG$2%*C14+'IA Marks'!$BG$1%*B14,"") | E14: ='Course End Survey (CES)'!G9 -> 0 | F14: =IFERROR(ROUNDUP('IA Marks'!$BG$3%*D14+'IA Marks'!$BG$4%*E14,2),"")
A15: Average | D15: =IFERROR(ROUNDUP(AVERAGE(D9:D13),2),"") -> 3 | E15: =IFERROR(ROUNDUP(AVERAGE(E9:E13),2),"") -> 2 | F15: =IFERROR(ROUNDUP(AVERAGE(F9:F13),2),"") -> 2.8
A17: Faculty Name & Signature: | D17: HOD Signature:

Sheet PO ATTAINMENT
A1: PROGRAMME OUTCOME & PROGRAMME SPECIFIC OUTCOME ASSESSMENT MATRIX
A2: ='IA Marks'!D1
A3: ='IA Marks'!D3 -> Department of Computer Science and Engineering - Cyber Security Program
A4: Academic Year: | C4: ='IA Marks'!N4 -> 2024-25
A5: Course Name: | C5: ='IA Marks'!AI5 -> Computer Organization and Architecture
A6: Course Code: | C6: ='IA Marks'!AP4 -> S23CY304PC
A7: Faculty Name: | C7: ='IA Marks'!J5 -> Dr. Kiran B. Malagi
A8: CO | B8: PO1 | C8: PO2 | D8: PO3 | E8: PO4 | F8: PO5 | G8: PO6 | H8: PO7 | I8: PO8 | J8: PO9 | K8: PO10 | L8: PO11 | M8: PO12 | N8: PSO1 | O8: PSO2 | P8: PSO3
A9: ='CO Attainment'!A9 -> S23CY304PC.1 | B9: 2 | C9: 1 | D9: 1 | E9: 1 | J9: 1 | N9: 1
A10: ='CO Attainment'!A10 -> S23CY304PC.2 | B10: 3 | C10: 1 | D10: 2 | E10: 1 | F10: 2 | J10: 2 | K10: 1 | L10: 1 | M10: 1 | N10: 1
A11: ='CO Attainment'!A11 -> S23CY304PC.3 | B11: 2 | C11: 1 | D11: 1 | N11: 1
A12: ='CO Attainment'!A12 -> S23CY304PC.4 | B12: 2 | C12: 1 | D12: 1 | N12: 1
A13: ='CO Attainment'!A13 -> S23CY304PC.5 | B13: 3 | C13: 2 | D13: 2 | F13: 2 | J13: 2 | K13: 1 | L13: 1 | M13: 1 | N13: 1
A14: ='CO Attainment'!A14 -> S23CY304PC.6
A15: AVG | B15: =IFERROR(ROUNDUP(AVERAGE(B9:B14),2),"") -> 2.4 | C15: =IFERROR(ROUNDUP(AVERAGE(C9:C14),2),"") -> 1.2 | D15: =IFERROR(ROUNDUP(AVERAGE(D9:D14),2),"") -> 1.4 | E15: =IFERROR(ROUNDUP(AVERAGE(E9:E14),2),"") -> 1 | F15: =IFERROR(ROUNDUP(AVERAGE(F9:F14),2),"") -> 2 | G15: =IFERROR(ROUNDUP(AVERAGE(G9:G14),2),"") | H15: =IFERROR(ROUNDUP(AVERAGE(H9:H14),2),"") | I15: =IFERROR(ROUNDUP(AVERAGE(I9:I14),2),"") | ... P15: =IFERROR(ROUNDUP(AVERAGE(P9:P14),2),"")
A17: Key Words (POs) | B17: Apply Knowledge | C17: Solve Problems | D17: Design/ Development of Solution | E17: Conduct Investigations | F17: Use Modern Tools | G17: Engineer and Society | H17: Environment and Sustainability | I17: Professional Ethics | J17: Individual and Team Work | K17: Communicate Effectively | L17: Project Management and Finance | M17: Life-long Learning | N17: PSO 1 | O17: PSO 2 | P17: PSO 3
A18: ='IA Marks'!AP4&" Direct (X)" -> S23CY304PC Direct (X) | B18: =D34 -> 2.4 | C18: =E34 -> 1.2 | D18: =F34 -> 1.4 | E18: =G34 -> 1 | F18: =H34 -> 2 | G18: =I34 | H18: =J34 | I18: =K34 | ... P18: =R34
A19: ='IA Marks'!AP4&" Indirect (Y)" -> S23CY304PC Indirect (Y) | B19: =D49 -> 1.61 | C19: =E49 -> 0.81 | D19: =F49 -> 0.94 | E19: =G49 -> 0.67 | F19: =H49 -> 1.34 | G19: =I49 | H19: =J49 | I19: =K49 | ... P19: =R49
A20: Attainment Level | B20: =IFERROR(ROUNDUP('IA Marks'!$BG$3%*B18+'IA Marks'!$BG$4%*B19,2),"") -> 2.25 | C20: =IFERROR(ROUNDUP('IA Marks'!$BG$3%*C18+'IA Marks'!$BG$4%*C19,2),"") -> 1.13 | D20: =IFERROR(ROUNDUP('IA Marks'!$BG$3%*D18+'IA Marks'!$BG$4%*D19,2),"") -> 1.31 | E20: =IFERROR(ROUNDUP('IA Marks'!$BG$3%*E18+'IA Marks'!$BG$4%*E19,2),"") -> 0.94 | F20: =IFERROR(ROUNDUP('IA Marks'!$BG$3%*F18+'IA Marks'!$BG$4%*F19,2),"") -> 1.87 | G20: =IFERROR(ROUNDUP('IA Marks'!$BG$3%*G18+'IA Marks'!$BG$4%*G19,2),"") | H20: =IFERROR(ROUNDUP('IA Marks'!$BG$3%*H18+'IA Marks'!$BG$4%*H19,2),"") | I20: =IFERROR(ROUNDUP('IA Marks'!$BG$3%*I18+'IA Marks'!$BG$4%*I19,2),"") | ... P20: =IFERROR(ROUNDUP('IA Marks'!$BG$3%*P18+'IA Marks'!$BG$4%*P19,2),"")
A21: PO Attainment Calculation Direct
A23: COs | B23: CO Attainment Grade | D23: P01 | E23: P02 | F23: P03 | G23: P04 | H23: P05 | I23: P06 | J23: P07 | K23: P08 | L23: P09 | M23: PO10 | N23: PO11 | O23: PO12 | P23: PSO1 | Q23: PSO2 | R23: PSO3
A24: =A9 -> S23CY304PC.1 | B24: ='CO Attainment'!D9 -> 3 | D24: =IFERROR(ROUNDUP($B$24*B9/3,2),"") -> 2 | E24: =IFERROR(ROUNDUP($B$24*C9/3,2),"") -> 1 | F24: =IFERROR(ROUNDUP($B$24*D9/3,2),"") -> 1 | G24: =IFERROR(ROUNDUP($B$24*E9/3,2),"") -> 1 | H24: =IFERROR(ROUNDUP($B$24*F9/3,2),"") -> 0 | I24: =IFERROR(ROUNDUP($B$24*G9/3,2),"") -> 0 | J24: =IFERROR(ROUNDUP($B$24*H9/3,2),"") -> 0 | K24: =IFERROR(ROUNDUP($B$24*I9/3,2),"") -> 0 | ... O24: =IFERROR(ROUNDUP($B$24*M9/3,2),"") -> 0 | P24: 2 | Q24: =IFERROR(ROUNDUP($B$24*O9/3,2),"") -> 0 | R24: =IFERROR(ROUNDUP($B$24*P9/3,2),"") -> 0
A25: =A10 -> S23CY304PC.2 | B25: ='CO Attainment'!D10 -> 3 | D25: =IFERROR(ROUNDUP($B$25*B10/3,2),"") -> 3 | E25: =IFERROR(ROUNDUP($B$25*C10/3,2),"") -> 1 | F25: =IFERROR(ROUNDUP($B$25*D10/3,2),"") -> 2 | G25: =IFERROR(ROUNDUP($B$25*E10/3,2),"") -> 1 | H25: =IFERROR(ROUNDUP($B$25*F10/3,2),"") -> 2 | I25: =IFERROR(ROUNDUP($B$25*G10/3,2),"") -> 0 | J25: =IFERROR(ROUNDUP($B$25*H10/3,2),"") -> 0 | K25: =IFERROR(ROUNDUP($B$25*I10/3,2),"") -> 0 | ... O25: =IFERROR(ROUNDUP($B$25*M10/3,2),"") -> 1 | P25: 2 | Q25: =IFERROR(ROUNDUP($B$25*O10/3,2),"") -> 0 | R25: =IFERROR(ROUNDUP($B$25*P10/3,2),"") -> 0
A26: =A11 -> S23CY304PC.3 | B26: ='CO Attainment'!D11 -> 3 | D26: =IFERROR(ROUNDUP($B$26*B11/3,2),"") -> 2 | E26: =IFERROR(ROUNDUP($B$26*C11/3,2),"") -> 1 | F26: =IFERROR(ROUNDUP($B$26*D11/3,2),"") -> 1 | G26: =IFERROR(ROUNDUP($B$26*E11/3,2),"") -> 0 | H26: =IFERROR(ROUNDUP($B$26*F11/3,2),"") -> 0 | I26: =IFERROR(ROUNDUP($B$26*G11/3,2),"") -> 0 | J26: =IFERROR(ROUNDUP($B$26*H11/3,2),"") -> 0 | K26: =IFERROR(ROUNDUP($B$26*I11/3,2),"") -> 0 | ... O26: =IFERROR(ROUNDUP($B$26*M11/3,2),"") -> 0 | P26: 2 | Q26: =IFERROR(ROUNDUP($B$26*O11/3,2),"") -> 0 | R26: =IFERROR(ROUNDUP($B$26*P11/3,2),"") -> 0
A27: =A12 -> S23CY304PC.4 | B27: ='CO Attainment'!D12 -> 3 | D27: =IFERROR(ROUNDUP($B$27*B12/3,2),"") -> 2 | E27: =IFERROR(ROUNDUP($B$27*C12/3,2),"") -> 1 | F27: =IFERROR(ROUNDUP($B$27*D12/3,2),"") -> 1 | G27: =IFERROR(ROUNDUP($B$27*E12/3,2),"") -> 0 | H27: =IFERROR(ROUNDUP($B$27*F12/3,2),"") -> 0 | I27: =IFERROR(ROUNDUP($B$27*G12/3,2),"") -> 0 | J27: =IFERROR(ROUNDUP($B$27*H12/3,2),"") -> 0 | K27: =IFERROR(ROUNDUP($B$27*I12/3,2),"") -> 0 | ... O27: =IFERROR(ROUNDUP($B$27*M12/3,2),"") -> 0 | P27: 2 | Q27: =IFERROR(ROUNDUP($B$27*O12/3,2),"") -> 0 | R27: =IFERROR(ROUNDUP($B$27*P12/3,2),"") -> 0
A28: =A13 -> S23CY304PC.5 | B28: ='CO Attainment'!D13 -> 3 | D28: =IFERROR(ROUNDUP($B$28*B13/3,2),"") -> 3 | E28: =IFERROR(ROUNDUP($B$28*C13/3,2),"") -> 2 | F28: =IFERROR(ROUNDUP($B$28*D13/3,2),"") -> 2 | G28: =IFERROR(ROUNDUP($B$28*E13/3,2),"") -> 0 | H28: =IFERROR(ROUNDUP($B$28*F13/3,2),"") -> 2 | I28: =IFERROR(ROUNDUP($B$28*G13/3,2),"") -> 0 | J28: =IFERROR(ROUNDUP($B$28*H13/3,2),"") -> 0 | K28: =IFERROR(ROUNDUP($B$28*I13/3,2),"") -> 0 | ... O28: =IFERROR(ROUNDUP($B$28*M13/3,2),"") -> 1 | P28: 2 | Q28: =IFERROR(ROUNDUP($B$28*O13/3,2),"") -> 0 | R28: =IFERROR(ROUNDUP($B$28*P13/3,2),"") -> 0
A29: =A14 -> S23CY304PC.6 | B29: ='CO Attainment'!D14
B30: Weighted Sum ---> | D30: =SUM(D24:D29) -> 12 | E30: =SUM(E24:E29) -> 6 | F30: =SUM(F24:F29) -> 7 | G30: =SUM(G24:G29) -> 2 | H30: =SUM(H24:H29) -> 4 | I30: =SUM(I24:I29) -> 0 | J30: =SUM(J24:J29) -> 0 | K30: =SUM(K24:K29) -> 0 | ... R30: =SUM(R24:R29) -> 0
B31: Max Weight --------> | D31: =SUM(B9:B14) -> 12 | E31: =SUM(C9:C14) -> 6 | F31: =SUM(D9:D14) -> 7 | G31: =SUM(E9:E14) -> 2 | H31: =SUM(F9:F14) -> 4 | I31: =SUM(G9:G14) -> 0 | J31: =SUM(H9:H14) -> 0 | K31: =SUM(I9:I14) -> 0 | ... R31: =SUM(P9:P14) -> 0
A32: PO Attainment in percentage | C32: :-----------> | D32: =IFERROR((D30/D31)*100,0) -> 100 | E32: =IFERROR((E30/E31)*100,0) -> 100 | F32: =IFERROR((F30/F31)*100,0) -> 100 | G32: =IFERROR((G30/G31)*100,0) -> 100 | H32: =IFERROR((H30/H31)*100,0) -> 100 | I32: =IFERROR((I30/I31)*100,0) -> 0 | J32: =IFERROR((J30/J31)*100,0) -> 0 | K32: =IFERROR((K30/K31)*100,0) -> 0 | ... R32: =IFERROR((R30/R31)*100,0) -> 0
C33: PO Attained Grade | D33: PO1 | E33: PO2 | F33: PO3 | G33: PO4 | H33: PO5 | I33: PO6 | J33: PO7 | K33: PO8 | L33: PO9 | M33: PO10 | N33: PO11 | O33: PO12 | P33: PSO1 | Q33: PSO2 | R33: PSO3
D34: =IFERROR(ROUNDUP(D32*B15/100,2),"") -> 2.4 | E34: =IFERROR(ROUNDUP(E32*C15/100,2),"") -> 1.2 | F34: =IFERROR(ROUNDUP(F32*D15/100,2),"") -> 1.4 | G34: =IFERROR(ROUNDUP(G32*E15/100,2),"") -> 1 | H34: =IFERROR(ROUNDUP(H32*F15/100,2),"") -> 2 | I34: =IFERROR(ROUNDUP(I32*G15/100,2),"") | J34: =IFERROR(ROUNDUP(J32*H15/100,2),"") | K34: =IFERROR(ROUNDUP(K32*I15/100,2),"") | ... R34: =IFERROR(ROUNDUP(R32*P15/100,2),"")
A36: PO Attainment Calculation Indirect
A38: COs | B38: CO Attainment Grade | D38: P01 | E38: P02 | F38: P03 | G38: P04 | H38: P05 | I38: P06 | J38: P07 | K38: P08 | L38: P09 | M38: PO10 | N38: PO11 | O38: PO12 | P38: PSO1 | Q38: PSO2 | R38: PSO3
A39: =A24 -> S23CY304PC.1 | B39: ='CO Attainment'!E9 -> 2 | D39: =IFERROR(ROUNDUP($B$39*B9/3,2),"") -> 1.34 | E39: =IFERROR(ROUNDUP($B$39*C9/3,2),"") -> 0.67 | F39: =IFERROR(ROUNDUP($B$39*D9/3,2),"") -> 0.67 | G39: =IFERROR(ROUNDUP($B$39*E9/3,2),"") -> 0.67 | H39: =IFERROR(ROUNDUP($B$39*F9/3,2),"") -> 0 | I39: =IFERROR(ROUNDUP($B$39*G9/3,2),"") -> 0 | J39: =IFERROR(ROUNDUP($B$39*H9/3,2),"") -> 0 | K39: =IFERROR(ROUNDUP($B$39*I9/3,2),"") -> 0 | ... R39: =IFERROR(ROUNDUP($B$39*P9/3,2),"") -> 0
A40: =A25 -> S23CY304PC.2 | B40: ='CO Attainment'!E10 -> 2 | D40: =IFERROR(ROUNDUP($B$40*B10/3,2),"") -> 2 | E40: =IFERROR(ROUNDUP($B$40*C10/3,2),"") -> 0.67 | F40: =IFERROR(ROUNDUP($B$40*D10/3,2),"") -> 1.34 | G40: =IFERROR(ROUNDUP($B$40*E10/3,2),"") -> 0.67 | H40: =IFERROR(ROUNDUP($B$40*F10/3,2),"") -> 1.34 | I40: =IFERROR(ROUNDUP($B$40*G10/3,2),"") -> 0 | J40: =IFERROR(ROUNDUP($B$40*H10/3,2),"") -> 0 | K40: =IFERROR(ROUNDUP($B$40*I10/3,2),"") -> 0 | ... R40: =IFERROR(ROUNDUP($B$40*P10/3,2),"") -> 0
A41: =A26 -> S23CY304PC.3 | B41: ='CO Attainment'!E11 -> 2 | D41: =IFERROR(ROUNDUP($B$41*B11/3,2),"") -> 1.34 | E41: =IFERROR(ROUNDUP($B$41*C11/3,2),"") -> 0.67 | F41: =IFERROR(ROUNDUP($B$41*D11/3,2),"") -> 0.67 | G41: =IFERROR(ROUNDUP($B$41*E11/3,2),"") -> 0 | H41: =IFERROR(ROUNDUP($B$41*F11/3,2),"") -> 0 | I41: =IFERROR(ROUNDUP($B$41*G11/3,2),"") -> 0 | J41: =IFERROR(ROUNDUP($B$41*H11/3,2),"") -> 0 | K41: =IFERROR(ROUNDUP($B$41*I11/3,2),"") -> 0 | ... R41: =IFERROR(ROUNDUP($B$41*P11/3,2),"") -> 0
A42: =A27 -> S23CY304PC.4 | B42: ='CO Attainment'!E12 -> 2 | D42: =IFERROR(ROUNDUP($B$42*B12/3,2),"") -> 1.34 | E42: =IFERROR(ROUNDUP($B$42*C12/3,2),"") -> 0.67 | F42: =IFERROR(ROUNDUP($B$42*D12/3,2),"") -> 0.67 | G42: =IFERROR(ROUNDUP($B$42*E12/3,2),"") -> 0 | H42: =IFERROR(ROUNDUP($B$42*F12/3,2),"") -> 0 | I42: =IFERROR(ROUNDUP($B$42*G12/3,2),"") -> 0 | J42: =IFERROR(ROUNDUP($B$42*H12/3,2),"") -> 0 | K42: =IFERROR(ROUNDUP($B$42*I12/3,2),"") -> 0 | ... R42: =IFERROR(ROUNDUP($B$42*P12/3,2),"") -> 0
A43: =A28 -> S23CY304PC.5 | B43: ='CO Attainment'!E13 -> 2 | D43: =IFERROR(ROUNDUP($B$43*B13/3,2),"") -> 2 | E43: =IFERROR(ROUNDUP($B$43*C13/3,2),"") -> 1.34 | F43: =IFERROR(ROUNDUP($B$43*D13/3,2),"") -> 1.34 | G43: =IFERROR(ROUNDUP($B$43*E13/3,2),"") -> 0 | H43: =IFERROR(ROUNDUP($B$43*F13/3,2),"") -> 1.34 | I43: =IFERROR(ROUNDUP($B$43*G13/3,2),"") -> 0 | J43: =IFERROR(ROUNDUP($B$43*H13/3,2),"") -> 0 | K43: =IFERROR(ROUNDUP($B$43*I13/3,2),"") -> 0 | ... R43: =IFERROR(ROUNDUP($B$43*P13/3,2),"") -> 0
A44: =A29 -> S23CY304PC.6 | B44: ='CO Attainment'!E14 -> 0 | D44: =IFERROR(ROUNDUP($B$44*B14/3,2),"") -> 0 | E44: =IFERROR(ROUNDUP($B$44*C14/3,2),"") -> 0 | F44: =IFERROR(ROUNDUP($B$44*D14/3,2),"") -> 0 | G44: =IFERROR(ROUNDUP($B$44*E14/3,2),"") -> 0 | H44: =IFERROR(ROUNDUP($B$44*F14/3,2),"") -> 0 | I44: =IFERROR(ROUNDUP($B$44*G14/3,2),"") -> 0 | J44: =IFERROR(ROUNDUP($B$44*H14/3,2),"") -> 0 | K44: =IFERROR(ROUNDUP($B$44*I14/3,2),"") -> 0 | ... R44: =IFERROR(ROUNDUP($B$44*P14/3,2),"") -> 0
B45: Weighted Sum ---> | D45: =SUM(D39:D44) -> 8.02 | E45: =SUM(E39:E44) -> 4.02 | F45: =SUM(F39:F44) -> 4.69 | G45: =SUM(G39:G44) -> 1.34 | H45: =SUM(H39:H44) -> 2.68 | I45: =SUM(I39:I44) -> 0 | J45: =SUM(J39:J44) -> 0 | K45: =SUM(K39:K44) -> 0 | ... R45: =SUM(R39:R44) -> 0
B46: Max Weight --------> | D46: =SUM(B9:B14) -> 12 | E46: =SUM(C9:C14) -> 6 | F46: =SUM(D9:D14) -> 7 | G46: =SUM(E9:E14) -> 2 | H46: =SUM(F9:F14) -> 4 | I46: =SUM(G9:G14) -> 0 | J46: =SUM(H9:H14) -> 0 | K46: =SUM(I9:I14) -> 0 | ... R46: =SUM(P9:P14) -> 0
A47: PO Attainment in percentage | C47: :-----------> | D47: =IFERROR((D45/D46)*100,0) -> 66.833333 | E47: =IFERROR((E45/E46)*100,0) -> 67 | F47: =IFERROR((F45/F46)*100,0) -> 67 | G47: =IFERROR((G45/G46)*100,0) -> 67 | H47: =IFERROR((H45/H46)*100,0) -> 67 | I47: =IFERROR((I45/I46)*100,0) -> 0 | J47: =IFERROR((J45/J46)*100,0) -> 0 | K47: =IFERROR((K45/K46)*100,0) -> 0 | ... R47: =IFERROR((R45/R46)*100,0) -> 0
C48: PO Attained Grade | D48: PO1 | E48: PO2 | F48: PO3 | G48: PO4 | H48: PO5 | I48: PO6 | J48: PO7 | K48: PO8 | L48: PO9 | M48: PO10 | N48: PO11 | O48: PO12 | P48: PSO1 | Q48: PSO2 | R48: PSO3
D49: =IFERROR(ROUNDUP(D47*B15/100,2),"") -> 1.61 | E49: =IFERROR(ROUNDUP(E47*C15/100,2),"") -> 0.81 | F49: =IFERROR(ROUNDUP(F47*D15/100,2),"") -> 0.94 | G49: =IFERROR(ROUNDUP(G47*E15/100,2),"") -> 0.67 | H49: =IFERROR(ROUNDUP(H47*F15/100,2),"") -> 1.34 | I49: =IFERROR(ROUNDUP(I47*G15/100,2),"") | J49: =IFERROR(ROUNDUP(J47*H15/100,2),"") | K49: =IFERROR(ROUNDUP(K47*I15/100,2),"") | ... R49: =IFERROR(ROUNDUP(R47*P15/100,2),"")
C52: Faculty Name & Signature: | N52: HOD Signature:

Sheet Action Plan
A1: Academic Year: | C1: ='IA Marks'!N4 -> 2024-25
A2: Course Name: | C2: ='IA Marks'!AI5 -> Computer Organization and Architecture
A3: Course Code: | C3: ='IA Marks'!AP4 -> S23CY304PC
A4: Faculty Name: | C4: ='IA Marks'!J5 -> Dr. Kiran B. Malagi
A5: Observations and Action Plan ( Direct)
A6: Course Outcome | B6: Target [Set Mannually] | C6: Attainment | D6: Gap | E6: Observation | F6: Action Proposed to bridge the Gap
A8: ='CO Attainment'!A9 -> S23CY304PC.1 | C8: ='CO Attainment'!F9 -> 2.8
A9: ='CO Attainment'!A10 -> S23CY304PC.2 | C9: ='CO Attainment'!F10 -> 2.8
A10: ='CO Attainment'!A11 -> S23CY304PC.3 | C10: ='CO Attainment'!F11 -> 2.8
A11: ='CO Attainment'!A12 -> S23CY304PC.4 | C11: ='CO Attainment'!F12 -> 2.8
A12: ='CO Attainment'!A13 -> S23CY304PC.5 | C12: ='CO Attainment'!F13 -> 2.8
A13: ='CO Attainment'!A14 -> S23CY304PC.6 | C13: ='CO Attainment'!F14
D14: Outcomes on Actions for CAYm1 Observations/Suggestions
D15: SI. No. | E15: Action Taken | F15: Change Observed
D16: 1
D17: 2
D18: 3
D19: 4
D20: 5
D21: 6
D22: 7
A25: Faculty Name & Signature: | E25: HOD Signature:

Sheet PO Attainment Action Plan
A1: Academic Year: | C1: ='IA Marks'!N4 -> 2024-25
A2: Course Name: | C2: ='IA Marks'!AI5 -> Computer Organization and Architecture
A3: Course Code: | C3: ='IA Marks'!AP4 -> S23CY304PC
A4: Faculty Name: | C4: ='IA Marks'!J5 -> Dr. Kiran B. Malagi
A5: Observations and Action Plan
B7: Pos | C7: Attained | D7: Target | E7: Action plan
B8: ='PO ATTAINMENT'!B17 -> Apply Knowledge | C8: ='PO ATTAINMENT'!B20 -> 2.25 | D8: ='PO ATTAINMENT'!B15 -> 2.4
B9: ='PO ATTAINMENT'!C17 -> Solve Problems | C9: ='PO ATTAINMENT'!C20 -> 1.13 | D9: ='PO ATTAINMENT'!C15 -> 1.2
B10: ='PO ATTAINMENT'!D17 -> Design/ Development of Solution | C10: ='PO ATTAINMENT'!D20 -> 1.31 | D10: ='PO ATTAINMENT'!D15 -> 1.4
B11: ='PO ATTAINMENT'!E17 -> Conduct Investigations | C11: ='PO ATTAINMENT'!E20 -> 0.94 | D11: ='PO ATTAINMENT'!E15 -> 1
B12: ='PO ATTAINMENT'!F17 -> Use Modern Tools | C12: ='PO ATTAINMENT'!F20 -> 1.87 | D12: ='PO ATTAINMENT'!F15 -> 2 | K12: w
B13: ='PO ATTAINMENT'!G17 -> Engineer and Society | C13: ='PO ATTAINMENT'!G20 | D13: ='PO ATTAINMENT'!G15
B14: ='PO ATTAINMENT'!H17 -> Environment and Sustainability | C14: ='PO ATTAINMENT'!H20 | D14: ='PO ATTAINMENT'!H15
B15: ='PO ATTAINMENT'!I17 -> Professional Ethics | C15: ='PO ATTAINMENT'!I20 | D15: ='PO ATTAINMENT'!I15
B16: ='PO ATTAINMENT'!J17 -> Individual and Team Work | C16: ='PO ATTAINMENT'!J20 -> 1.56 | D16: ='PO ATTAINMENT'!J15 -> 1.67
B17: ='PO ATTAINMENT'!K17 -> Communicate Effectively | C17: ='PO ATTAINMENT'!K20 -> 0.94 | D17: ='PO ATTAINMENT'!K15 -> 1
B18: ='PO ATTAINMENT'!L17 -> Project Management and Finance | C18: ='PO ATTAINMENT'!L20 -> 0.94 | D18: ='PO ATTAINMENT'!L15 -> 1
B19: ='PO ATTAINMENT'!M17 -> Life-long Learning | C19: ='PO ATTAINMENT'!M20 -> 0.94 | D19: ='PO ATTAINMENT'!M15 -> 1
B20: ='PO ATTAINMENT'!N17 -> PSO 1 | C20: ='PO ATTAINMENT'!N20 -> 1.74 | D20: ='PO ATTAINMENT'!N15 -> 1
B21: ='PO ATTAINMENT'!O17 -> PSO 2 | C21: ='PO ATTAINMENT'!O20 | D21: ='PO ATTAINMENT'!O15
B22: ='PO ATTAINMENT'!P17 -> PSO 3 | C22: ='PO ATTAINMENT'!P20 | D22: ='PO ATTAINMENT'!P15
A26: Faculty Name & Signature: | E26: HOD Signature:
